timestamp,location,sensor,value
2023-12-31T19:39:00.000Z,zone-b,pressure,1012.9
2023-12-31T19:53:00.000Z,zone-d,temperature,18.1
2023-12-31T21:19:00.000Z,zone-d,light,545.9
2023-12-31T21:23:00.000Z,zone-a,temperature,21.4
2023-12-31T21:34:00.000Z,zone-c,temperature,28.9
2023-12-31T22:12:00.000Z,zone-b,humidity,53.6
2024-01-01T00:11:00.000Z,zone-d,humidity,45.6
2024-01-01T02:11:00.000Z,zone-c,humidity,42.5
2024-01-01T03:50:00.000Z,zone-a,light,245.6
2024-01-01T06:45:00.000Z,zone-c,light,103.5
2024-01-01T06:51:00.000Z,zone-b,light,139.7
2024-01-01T08:13:00.000Z,zone-a,pressure,990.6
2024-01-01T11:02:00.000Z,zone-d,pressure,1016.2
2024-01-01T12:13:00.000Z,zone-a,humidity,70.5
2024-01-01T13:28:00.000Z,zone-c,pressure,1014.6
2024-01-01T14:52:00.000Z,zone-b,temperature,31.5
2024-01-01T19:50:00.000Z,zone-b,humidity,70.4
2024-01-01T21:25:00.000Z,zone-c,light,827.4
2024-01-02T03:23:00.000Z,zone-c,temperature,15.1
2024-01-02T03:34:00.000Z,zone-a,light,444.3
2024-01-02T04:12:00.000Z,zone-a,pressure,998.1
2024-01-02T06:39:00.000Z,zone-b,pressure,991.4
2024-01-02T07:57:00.000Z,zone-a,humidity,53.2
2024-01-02T08:39:00.000Z,zone-b,temperature,33.6
2024-01-02T10:01:00.000Z,zone-d,temperature,20.1
2024-01-02T10:01:00.000Z,zone-d,humidity,58.4
2024-01-02T10:13:00.000Z,zone-a,temperature,24.5
2024-01-02T10:42:00.000Z,zone-b,light,553.1
2024-01-02T11:00:00.000Z,zone-c,humidity,49.1
2024-01-02T15:05:00.000Z,zone-d,light,183.9
2024-01-02T17:04:00.000Z,zone-c,pressure,994.3
2024-01-02T18:04:00.000Z,zone-d,pressure,994.1
2024-01-02T19:08:00.000Z,zone-d,humidity,49.2
2024-01-02T19:38:00.000Z,zone-a,light,412.4
2024-01-02T20:32:00.000Z,zone-d,pressure,997.7
2024-01-02T21:31:00.000Z,zone-b,temperature,17.7
2024-01-03T03:02:00.000Z,zone-b,humidity,50.1
2024-01-03T05:11:00.000Z,zone-b,pressure,1006.8
2024-01-03T05:21:00.000Z,zone-c,pressure,1004.3
2024-01-03T06:51:00.000Z,zone-d,temperature,34.2
2024-01-03T07:34:00.000Z,zone-c,temperature,21.9
2024-01-03T07:58:00.000Z,zone-d,light,799.3
2024-01-03T08:00:00.000Z,zone-a,humidity,73.7
2024-01-03T08:50:00.000Z,zone-a,temperature,16.8
2024-01-03T10:25:00.000Z,zone-b,light,819.9
2024-01-03T14:47:00.000Z,zone-c,humidity,38.1
2024-01-03T16:46:00.000Z,zone-a,pressure,990.7
2024-01-03T18:05:00.000Z,zone-c,light,204.7
2024-01-03T19:48:00.000Z,zone-b,light,465
2024-01-03T20:29:00.000Z,zone-a,light,155.4
2024-01-03T23:07:00.000Z,zone-a,humidity,67.1
2024-01-04T00:57:00.000Z,zone-c,humidity,55.2
2024-01-04T02:09:00.000Z,zone-d,light,540.7
2024-01-04T02:25:00.000Z,zone-b,pressure,1011
2024-01-04T02:30:00.000Z,zone-d,pressure,1014.8
2024-01-04T02:54:00.000Z,zone-b,humidity,31.7
2024-01-04T09:20:00.000Z,zone-c,pressure,991.6
2024-01-04T09:27:00.000Z,zone-c,temperature,32.1
2024-01-04T11:26:00.000Z,zone-d,temperature,23.4
2024-01-04T13:24:00.000Z,zone-d,humidity,44.4
2024-01-04T13:54:00.000Z,zone-b,temperature,26.6
2024-01-04T15:50:00.000Z,zone-a,pressure,1016.9
2024-01-04T17:05:00.000Z,zone-c,light,585.3
2024-01-04T18:28:00.000Z,zone-a,temperature,25.8
2024-01-04T19:37:00.000Z,zone-a,light,780.6
2024-01-04T20:27:00.000Z,zone-d,pressure,993.5
2024-01-04T22:03:00.000Z,zone-a,humidity,31.5
2024-01-04T23:43:00.000Z,zone-c,pressure,1001.9
2024-01-05T02:29:00.000Z,zone-b,humidity,58.9
2024-01-05T02:39:00.000Z,zone-a,temperature,15.2
2024-01-05T03:11:00.000Z,zone-b,temperature,33.2
2024-01-05T05:36:00.000Z,zone-d,humidity,54.5
2024-01-05T08:26:00.000Z,zone-d,light,714.7
2024-01-05T09:39:00.000Z,zone-b,light,826
2024-01-05T09:52:00.000Z,zone-c,light,389.2
2024-01-05T11:25:00.000Z,zone-d,temperature,32.1
2024-01-05T12:31:00.000Z,zone-c,humidity,66.1
2024-01-05T12:42:00.000Z,zone-b,pressure,997
2024-01-05T14:11:00.000Z,zone-a,pressure,1017.2
2024-01-05T17:49:00.000Z,zone-c,temperature,29.1
2024-01-05T18:30:00.000Z,zone-c,temperature,22.7
2024-01-05T19:01:00.000Z,zone-b,temperature,27
2024-01-05T19:28:00.000Z,zone-d,light,451.2
2024-01-05T21:35:00.000Z,zone-d,pressure,1018.9
2024-01-05T22:41:00.000Z,zone-b,humidity,31.1
2024-01-05T22:51:00.000Z,zone-a,pressure,1011.7
2024-01-06T01:55:00.000Z,zone-a,humidity,38.1
2024-01-06T06:28:00.000Z,zone-d,temperature,28.3
2024-01-06T06:36:00.000Z,zone-b,pressure,1018.7
2024-01-06T08:02:00.000Z,zone-c,pressure,1013.5
2024-01-06T11:36:00.000Z,zone-c,light,381.9
2024-01-06T11:40:00.000Z,zone-a,light,387.1
2024-01-06T12:17:00.000Z,zone-b,light,382.7
2024-01-06T14:41:00.000Z,zone-a,temperature,29.5
2024-01-06T16:30:00.000Z,zone-d,humidity,38.3
2024-01-06T18:13:00.000Z,zone-c,humidity,64.1
2024-01-06T19:31:00.000Z,zone-a,temperature,31.5
2024-01-06T20:51:00.000Z,zone-a,light,446
2024-01-06T22:35:00.000Z,zone-d,pressure,1016.3
2024-01-06T22:59:00.000Z,zone-b,light,591
2024-01-06T23:48:00.000Z,zone-c,humidity,71.6
2024-01-06T23:54:00.000Z,zone-d,temperature,18.8
2024-01-07T03:44:00.000Z,zone-c,light,533.8
2024-01-07T04:14:00.000Z,zone-b,pressure,997.6
2024-01-07T05:01:00.000Z,zone-a,humidity,63
2024-01-07T06:39:00.000Z,zone-c,temperature,27.5
2024-01-07T07:19:00.000Z,zone-b,temperature,33.1
2024-01-07T08:26:00.000Z,zone-b,humidity,46
2024-01-07T10:18:00.000Z,zone-d,light,117.5
2024-01-07T10:29:00.000Z,zone-c,pressure,1012.5
2024-01-07T11:19:00.000Z,zone-a,pressure,991.7
2024-01-07T17:07:00.000Z,zone-d,humidity,73.9
2024-01-07T19:20:00.000Z,zone-c,light,170.7
2024-01-07T20:40:00.000Z,zone-c,pressure,1001.7
2024-01-07T20:58:00.000Z,zone-d,light,438.3
2024-01-07T23:03:00.000Z,zone-b,temperature,22.2
2024-01-07T23:04:00.000Z,zone-d,humidity,58
2024-01-08T00:05:00.000Z,zone-c,temperature,15.3
2024-01-08T01:40:00.000Z,zone-a,temperature,25.8
2024-01-08T02:54:00.000Z,zone-b,humidity,53.5
2024-01-08T03:32:00.000Z,zone-a,light,166.7
2024-01-08T05:20:00.000Z,zone-c,humidity,45
2024-01-08T11:26:00.000Z,zone-d,pressure,1013.4
2024-01-08T13:59:00.000Z,zone-b,pressure,1013.6
2024-01-08T14:13:00.000Z,zone-a,humidity,39.5
2024-01-08T15:00:00.000Z,zone-b,light,534.3
2024-01-08T17:29:00.000Z,zone-a,pressure,1008
2024-01-08T18:08:00.000Z,zone-d,temperature,27.1
2024-01-08T19:45:00.000Z,zone-b,humidity,76.5
2024-01-08T20:58:00.000Z,zone-d,humidity,71.2
2024-01-08T21:33:00.000Z,zone-a,light,844.3
2024-01-08T23:51:00.000Z,zone-b,light,579.6
2024-01-09T00:25:00.000Z,zone-d,pressure,998.6
2024-01-09T03:59:00.000Z,zone-a,pressure,991.9
2024-01-09T04:25:00.000Z,zone-b,temperature,26.7
2024-01-09T08:20:00.000Z,zone-c,pressure,1003.2
2024-01-09T08:45:00.000Z,zone-c,humidity,41.2
2024-01-09T10:14:00.000Z,zone-a,temperature,22.8
2024-01-09T12:45:00.000Z,zone-d,light,603.9
2024-01-09T13:12:00.000Z,zone-d,temperature,26.5
2024-01-09T13:30:00.000Z,zone-a,humidity,48.9
2024-01-09T14:52:00.000Z,zone-c,light,181.1
2024-01-09T15:51:00.000Z,zone-c,temperature,32.6
2024-01-09T15:55:00.000Z,zone-b,pressure,1000.9
2024-01-09T20:22:00.000Z,zone-c,pressure,995
2024-01-09T21:48:00.000Z,zone-d,pressure,1014.7
2024-01-09T22:22:00.000Z,zone-b,pressure,1011.5
2024-01-09T23:15:00.000Z,zone-b,light,506.5
2024-01-09T23:30:00.000Z,zone-a,light,245.8
2024-01-10T01:49:00.000Z,zone-a,pressure,1007.4
2024-01-10T02:21:00.000Z,zone-d,humidity,69.6
2024-01-10T03:05:00.000Z,zone-d,light,548.9
2024-01-10T06:17:00.000Z,zone-c,light,294.6
2024-01-10T07:11:00.000Z,zone-a,temperature,18.4
2024-01-10T09:55:00.000Z,zone-a,humidity,76.2
2024-01-10T11:48:00.000Z,zone-c,humidity,67.3
2024-01-10T12:07:00.000Z,zone-c,temperature,25.7
2024-01-10T12:37:00.000Z,zone-b,temperature,27.5
2024-01-10T12:38:00.000Z,zone-b,humidity,71.8
2024-01-10T17:24:00.000Z,zone-d,temperature,29.7
2024-01-10T20:48:00.000Z,zone-b,pressure,1000.4
2024-01-10T21:20:00.000Z,zone-d,temperature,16.8
2024-01-10T22:08:00.000Z,zone-d,pressure,1005.4
2024-01-10T22:43:00.000Z,zone-a,light,184
2024-01-10T23:36:00.000Z,zone-a,pressure,999.1
2024-01-10T23:57:00.000Z,zone-d,humidity,57.2
2024-01-11T00:05:00.000Z,zone-c,temperature,19.6
2024-01-11T03:25:00.000Z,zone-c,light,336.7
2024-01-11T03:36:00.000Z,zone-c,pressure,1011.7
2024-01-11T04:59:00.000Z,zone-d,light,218
2024-01-11T05:48:00.000Z,zone-b,temperature,16.1
2024-01-11T06:16:00.000Z,zone-b,light,354.2
2024-01-11T12:44:00.000Z,zone-a,temperature,32
2024-01-11T12:48:00.000Z,zone-b,humidity,35.8
2024-01-11T16:10:00.000Z,zone-c,humidity,71.6
2024-01-11T18:02:00.000Z,zone-a,humidity,49.3
2024-01-11T19:13:00.000Z,zone-c,temperature,15.8
2024-01-11T19:47:00.000Z,zone-c,humidity,65.4
2024-01-11T20:10:00.000Z,zone-b,humidity,49.1
2024-01-11T21:29:00.000Z,zone-c,pressure,994.2
2024-01-11T22:45:00.000Z,zone-b,temperature,28.8
2024-01-11T23:17:00.000Z,zone-d,temperature,33.4
2024-01-11T23:19:00.000Z,zone-a,temperature,18.4
2024-01-11T23:43:00.000Z,zone-b,pressure,1012.9
2024-01-12T00:03:00.000Z,zone-a,light,194.6
2024-01-12T01:20:00.000Z,zone-d,humidity,61.8
2024-01-12T04:20:00.000Z,zone-b,light,692
2024-01-12T06:36:00.000Z,zone-c,light,173
2024-01-12T09:21:00.000Z,zone-a,humidity,44.4
2024-01-12T13:30:00.000Z,zone-a,pressure,992.5
2024-01-12T13:34:00.000Z,zone-d,pressure,1016.2
2024-01-12T17:37:00.000Z,zone-d,light,579.4
2024-01-12T20:50:00.000Z,zone-b,pressure,1013.8
2024-01-12T21:05:00.000Z,zone-a,humidity,53
2024-01-12T21:22:00.000Z,zone-d,temperature,34.8
2024-01-12T21:52:00.000Z,zone-d,pressure,1003.9
2024-01-12T23:47:00.000Z,zone-a,pressure,1009
2024-01-12T23:59:00.000Z,zone-d,light,659.9
2024-01-13T02:14:00.000Z,zone-c,pressure,1007.5
2024-01-13T02:24:00.000Z,zone-b,temperature,29.6
2024-01-13T03:41:00.000Z,zone-b,light,498.3
2024-01-13T08:07:00.000Z,zone-a,light,596.3
2024-01-13T09:35:00.000Z,zone-c,temperature,31.5
2024-01-13T12:11:00.000Z,zone-c,humidity,45.1
2024-01-13T14:00:00.000Z,zone-b,humidity,61.9
2024-01-13T15:50:00.000Z,zone-a,temperature,31.8
2024-01-13T16:04:00.000Z,zone-c,light,690.6
2024-01-13T17:29:00.000Z,zone-d,humidity,33.2
2024-01-13T18:45:00.000Z,zone-b,humidity,53.1
2024-01-13T21:22:00.000Z,zone-c,humidity,36.4
2024-01-13T23:32:00.000Z,zone-a,light,875.8
2024-01-14T00:39:00.000Z,zone-a,temperature,17.8
2024-01-14T04:55:00.000Z,zone-c,temperature,25.7
2024-01-14T05:09:00.000Z,zone-d,light,547.5
2024-01-14T05:18:00.000Z,zone-d,temperature,31
2024-01-14T06:01:00.000Z,zone-c,pressure,1012.7
2024-01-14T07:36:00.000Z,zone-b,temperature,16.8
2024-01-14T07:58:00.000Z,zone-b,light,618.7
2024-01-14T08:03:00.000Z,zone-a,pressure,996.8
2024-01-14T09:12:00.000Z,zone-d,pressure,1017
2024-01-14T11:58:00.000Z,zone-b,pressure,1004.5
2024-01-14T12:53:00.000Z,zone-c,light,449.8
2024-01-14T14:42:00.000Z,zone-d,humidity,60.3
2024-01-14T15:25:00.000Z,zone-a,humidity,58.8
2024-01-14T19:36:00.000Z,zone-c,temperature,32.6
2024-01-14T21:13:00.000Z,zone-c,humidity,50
2024-01-14T21:51:00.000Z,zone-b,pressure,1004.3
2024-01-14T22:01:00.000Z,zone-a,humidity,42.7
2024-01-15T06:15:00.000Z,zone-d,humidity,39
2024-01-15T07:05:00.000Z,zone-b,humidity,33.7
2024-01-15T07:16:00.000Z,zone-a,pressure,1008.6
2024-01-15T08:07:00.000Z,zone-b,temperature,29.1
2024-01-15T08:28:00.000Z,zone-a,temperature,31.3
2024-01-15T10:50:00.000Z,zone-a,light,781.1
2024-01-15T11:23:00.000Z,zone-b,light,779.9
2024-01-15T12:01:00.000Z,zone-d,temperature,28
2024-01-15T13:13:00.000Z,zone-d,light,496.4
2024-01-15T14:07:00.000Z,zone-c,pressure,997.9
2024-01-15T16:26:00.000Z,zone-d,pressure,998
2024-01-15T18:25:00.000Z,zone-c,light,823.3
2024-01-15T22:06:00.000Z,zone-a,pressure,1016.6
2024-01-15T22:20:00.000Z,zone-a,temperature,32.3
2024-01-16T00:55:00.000Z,zone-d,pressure,1005.3
2024-01-16T01:32:00.000Z,zone-b,humidity,72.8
2024-01-16T03:19:00.000Z,zone-c,light,247.4
2024-01-16T05:25:00.000Z,zone-a,humidity,52.2
2024-01-16T06:20:00.000Z,zone-b,pressure,1014.3
2024-01-16T07:46:00.000Z,zone-a,light,747.8
2024-01-16T08:21:00.000Z,zone-d,light,467.4
2024-01-16T10:37:00.000Z,zone-b,light,757.8
2024-01-16T10:53:00.000Z,zone-b,temperature,28.4
2024-01-16T10:58:00.000Z,zone-d,humidity,46.6
2024-01-16T11:27:00.000Z,zone-c,temperature,18.5
2024-01-16T12:30:00.000Z,zone-c,humidity,71.1
2024-01-16T16:42:00.000Z,zone-c,pressure,1017
2024-01-16T17:06:00.000Z,zone-d,temperature,26.9
2024-01-16T19:57:00.000Z,zone-c,light,692.6
2024-01-16T21:51:00.000Z,zone-b,humidity,39.6
2024-01-16T23:35:00.000Z,zone-a,humidity,45.8
2024-01-17T00:45:00.000Z,zone-a,pressure,1000.1
2024-01-17T00:57:00.000Z,zone-c,temperature,33.3
2024-01-17T01:14:00.000Z,zone-b,pressure,998.9
2024-01-17T02:06:00.000Z,zone-d,humidity,65.1
2024-01-17T03:05:00.000Z,zone-d,light,564.6
2024-01-17T03:34:00.000Z,zone-b,temperature,27.9
2024-01-17T08:03:00.000Z,zone-c,humidity,58.7
2024-01-17T09:21:00.000Z,zone-d,pressure,1017.5
2024-01-17T12:58:00.000Z,zone-a,light,861.7
2024-01-17T13:57:00.000Z,zone-b,light,290.1
2024-01-17T14:03:00.000Z,zone-d,temperature,22.9
2024-01-17T14:15:00.000Z,zone-a,temperature,24.4
2024-01-17T18:10:00.000Z,zone-c,pressure,1015.6
2024-01-17T18:31:00.000Z,zone-d,temperature,19.1
2024-01-17T18:50:00.000Z,zone-d,pressure,1007.9
2024-01-17T20:55:00.000Z,zone-b,temperature,33
2024-01-17T22:28:00.000Z,zone-a,light,720.5
2024-01-17T22:36:00.000Z,zone-a,humidity,60.7
2024-01-18T00:27:00.000Z,zone-a,pressure,1002.9
2024-01-18T03:10:00.000Z,zone-d,humidity,60.2
2024-01-18T03:19:00.000Z,zone-c,light,187.4
2024-01-18T08:00:00.000Z,zone-c,pressure,1004.8
2024-01-18T09:18:00.000Z,zone-a,temperature,19.2
2024-01-18T10:09:00.000Z,zone-d,light,531
2024-01-18T12:30:00.000Z,zone-c,humidity,46.9
2024-01-18T13:05:00.000Z,zone-b,pressure,1003.2
2024-01-18T16:30:00.000Z,zone-b,humidity,61
2024-01-18T17:13:00.000Z,zone-b,light,128.8
2024-01-18T17:47:00.000Z,zone-c,temperature,16.1
2024-01-18T18:38:00.000Z,zone-a,humidity,57.3
2024-01-18T19:43:00.000Z,zone-a,temperature,28.8
2024-01-18T21:13:00.000Z,zone-d,pressure,1003.9
2024-01-18T23:58:00.000Z,zone-a,pressure,1017
2024-01-19T00:43:00.000Z,zone-c,temperature,32.2
2024-01-19T00:53:00.000Z,zone-a,light,290.5
2024-01-19T03:25:00.000Z,zone-b,light,370.4
2024-01-19T05:49:00.000Z,zone-c,pressure,1014.8
2024-01-19T06:53:00.000Z,zone-b,pressure,990.5
2024-01-19T08:20:00.000Z,zone-b,humidity,56.1
2024-01-19T08:31:00.000Z,zone-b,temperature,33
2024-01-19T08:37:00.000Z,zone-d,temperature,29.6
2024-01-19T10:30:00.000Z,zone-d,light,763.1
2024-01-19T10:46:00.000Z,zone-c,light,364
2024-01-19T15:28:00.000Z,zone-d,humidity,71.4
2024-01-19T18:25:00.000Z,zone-c,humidity,75.7
2024-01-19T19:17:00.000Z,zone-a,humidity,45.9
2024-01-19T21:29:00.000Z,zone-b,humidity,65.3
2024-01-19T23:29:00.000Z,zone-d,light,788.4
2024-01-19T23:56:00.000Z,zone-b,light,580.4
2024-01-20T02:42:00.000Z,zone-d,pressure,995.1
2024-01-20T03:03:00.000Z,zone-c,pressure,1016.8
2024-01-20T03:51:00.000Z,zone-c,light,502.6
2024-01-20T08:32:00.000Z,zone-a,pressure,990.9
2024-01-20T10:34:00.000Z,zone-c,temperature,18
2024-01-20T11:00:00.000Z,zone-c,humidity,74.9
2024-01-20T11:46:00.000Z,zone-b,pressure,1019.8
2024-01-20T13:34:00.000Z,zone-a,light,799.5
2024-01-20T14:33:00.000Z,zone-b,temperature,17
2024-01-20T14:57:00.000Z,zone-a,temperature,33.1
2024-01-20T17:29:00.000Z,zone-d,humidity,32.9
2024-01-20T17:51:00.000Z,zone-d,temperature,22.7
2024-01-20T20:15:00.000Z,zone-a,pressure,1015.2
2024-01-20T23:36:00.000Z,zone-d,light,290.7
2024-01-21T02:35:00.000Z,zone-d,pressure,998.8
2024-01-21T04:54:00.000Z,zone-a,temperature,29.1
2024-01-21T05:22:00.000Z,zone-b,pressure,998.2
2024-01-21T05:54:00.000Z,zone-c,pressure,1016.7
2024-01-21T09:18:00.000Z,zone-a,light,402.1
2024-01-21T11:05:00.000Z,zone-c,temperature,29.2
2024-01-21T11:43:00.000Z,zone-a,humidity,47.8
2024-01-21T11:56:00.000Z,zone-c,light,475.4
2024-01-21T13:47:00.000Z,zone-b,temperature,17.8
2024-01-21T14:04:00.000Z,zone-c,humidity,40.7
2024-01-21T15:01:00.000Z,zone-d,humidity,59.2
2024-01-21T15:13:00.000Z,zone-d,temperature,18.3
2024-01-21T16:11:00.000Z,zone-b,humidity,53.9
2024-01-21T16:37:00.000Z,zone-b,light,211.1
2024-01-21T19:33:00.000Z,zone-d,light,213.5
2024-01-21T21:58:00.000Z,zone-c,pressure,998.3
2024-01-21T22:00:00.000Z,zone-c,light,263.5
2024-01-21T22:11:00.000Z,zone-d,temperature,33.6
2024-01-21T23:47:00.000Z,zone-a,temperature,23.4
2024-01-22T00:22:00.000Z,zone-b,light,541.8
2024-01-22T04:48:00.000Z,zone-a,light,258.3
2024-01-22T05:38:00.000Z,zone-a,pressure,1002.7
2024-01-22T06:33:00.000Z,zone-b,pressure,1008.2
2024-01-22T07:42:00.000Z,zone-c,humidity,66.9
2024-01-22T09:26:00.000Z,zone-a,humidity,30.7
2024-01-22T11:43:00.000Z,zone-d,pressure,993.2
2024-01-22T13:48:00.000Z,zone-c,temperature,15.2
2024-01-22T14:56:00.000Z,zone-b,humidity,55.8
2024-01-22T15:33:00.000Z,zone-b,temperature,27.4
2024-01-22T17:32:00.000Z,zone-d,humidity,70.2
2024-01-22T23:39:00.000Z,zone-a,light,435.9
2024-01-23T01:10:00.000Z,zone-c,light,543.7
2024-01-23T04:44:00.000Z,zone-d,humidity,50.8
2024-01-23T05:19:00.000Z,zone-c,temperature,24.5
2024-01-23T05:48:00.000Z,zone-d,temperature,26.8
2024-01-23T08:32:00.000Z,zone-c,humidity,53
2024-01-23T09:04:00.000Z,zone-b,humidity,78
2024-01-23T09:42:00.000Z,zone-b,pressure,1016
2024-01-23T10:36:00.000Z,zone-c,pressure,995.5
2024-01-23T11:39:00.000Z,zone-a,humidity,74.4
2024-01-23T12:47:00.000Z,zone-d,pressure,1003.1
2024-01-23T16:05:00.000Z,zone-d,light,344
2024-01-23T16:49:00.000Z,zone-b,temperature,25.2
2024-01-23T17:15:00.000Z,zone-b,light,332.8
2024-01-23T17:23:00.000Z,zone-a,pressure,990.4
2024-01-23T17:34:00.000Z,zone-a,temperature,17.3
2024-01-23T18:43:00.000Z,zone-a,temperature,15.3
2024-01-23T20:15:00.000Z,zone-c,pressure,1016.1
2024-01-23T20:41:00.000Z,zone-d,temperature,26.7
2024-01-23T22:30:00.000Z,zone-d,light,893.5
2024-01-23T22:38:00.000Z,zone-b,light,232.5
2024-01-23T22:42:00.000Z,zone-d,pressure,1003.7
2024-01-23T23:55:00.000Z,zone-a,humidity,37.6
2024-01-24T05:00:00.000Z,zone-b,humidity,61.5
2024-01-24T06:55:00.000Z,zone-b,pressure,1016.7
2024-01-24T10:02:00.000Z,zone-a,light,876.8
2024-01-24T11:47:00.000Z,zone-c,temperature,24.7
2024-01-24T12:49:00.000Z,zone-d,humidity,37.2
2024-01-24T15:27:00.000Z,zone-b,temperature,16.7
2024-01-24T16:39:00.000Z,zone-c,light,443.6
2024-01-24T17:07:00.000Z,zone-a,pressure,1009.8
2024-01-24T18:01:00.000Z,zone-c,humidity,70.9
2024-01-24T18:37:00.000Z,zone-b,temperature,26
2024-01-24T18:38:00.000Z,zone-c,temperature,15
2024-01-24T18:54:00.000Z,zone-b,pressure,1019.6
2024-01-24T19:42:00.000Z,zone-c,light,575.7
2024-01-24T23:12:00.000Z,zone-d,light,843.5
2024-01-24T23:33:00.000Z,zone-a,temperature,22.3
2024-01-25T00:11:00.000Z,zone-a,pressure,1010.2
2024-01-25T01:04:00.000Z,zone-a,humidity,32.2
2024-01-25T03:19:00.000Z,zone-d,humidity,41.1
2024-01-25T07:41:00.000Z,zone-d,temperature,16.8
2024-01-25T08:37:00.000Z,zone-d,pressure,998.4
2024-01-25T09:38:00.000Z,zone-a,light,464.1
2024-01-25T15:43:00.000Z,zone-c,humidity,79.1
2024-01-25T16:36:00.000Z,zone-b,light,400.8
2024-01-25T17:59:00.000Z,zone-b,humidity,64.6
2024-01-25T18:10:00.000Z,zone-c,pressure,991.7
2024-01-25T18:41:00.000Z,zone-d,temperature,22.3
2024-01-25T18:48:00.000Z,zone-a,pressure,1004.3
2024-01-25T19:33:00.000Z,zone-b,temperature,22.7
2024-01-25T22:55:00.000Z,zone-d,humidity,42.3
2024-01-26T00:23:00.000Z,zone-b,pressure,1000
2024-01-26T02:20:00.000Z,zone-a,light,195.8
2024-01-26T05:14:00.000Z,zone-a,humidity,62.2
2024-01-26T08:07:00.000Z,zone-c,light,336.2
2024-01-26T08:50:00.000Z,zone-c,humidity,40.8
2024-01-26T10:25:00.000Z,zone-d,light,235.3
2024-01-26T10:50:00.000Z,zone-b,light,527
2024-01-26T14:24:00.000Z,zone-c,pressure,1000.1
2024-01-26T15:00:00.000Z,zone-c,temperature,30.7
2024-01-26T16:33:00.000Z,zone-d,pressure,1001.7
2024-01-26T17:34:00.000Z,zone-b,humidity,38.2
2024-01-26T18:23:00.000Z,zone-a,temperature,24.1
2024-01-26T20:21:00.000Z,zone-b,light,347.7
2024-01-26T21:09:00.000Z,zone-c,temperature,15.3
2024-01-26T21:36:00.000Z,zone-a,temperature,23.4
2024-01-26T22:25:00.000Z,zone-d,temperature,28.4
2024-01-26T23:32:00.000Z,zone-a,light,585.2
2024-01-27T05:55:00.000Z,zone-d,pressure,1002.2
2024-01-27T06:54:00.000Z,zone-c,light,106.5
2024-01-27T07:13:00.000Z,zone-a,pressure,990.8
2024-01-27T08:45:00.000Z,zone-c,pressure,1011.3
2024-01-27T10:09:00.000Z,zone-b,pressure,1005.8
2024-01-27T11:04:00.000Z,zone-b,temperature,28.4
2024-01-27T12:13:00.000Z,zone-d,light,357.7
2024-01-27T12:48:00.000Z,zone-b,humidity,58.1
2024-01-27T12:55:00.000Z,zone-d,humidity,34.7
2024-01-27T14:38:00.000Z,zone-a,humidity,48.4
2024-01-27T17:23:00.000Z,zone-c,humidity,72.2
2024-01-27T18:55:00.000Z,zone-b,light,831.1
2024-01-27T18:57:00.000Z,zone-d,pressure,991
2024-01-27T22:26:00.000Z,zone-d,humidity,31.4
2024-01-28T01:11:00.000Z,zone-d,light,641.2
2024-01-28T04:45:00.000Z,zone-c,humidity,32.4
2024-01-28T04:53:00.000Z,zone-b,humidity,50.9
2024-01-28T05:51:00.000Z,zone-b,temperature,30.6
2024-01-28T07:59:00.000Z,zone-c,pressure,1003.6
2024-01-28T08:10:00.000Z,zone-a,pressure,1008.6
2024-01-28T08:28:00.000Z,zone-c,light,132.3
2024-01-28T12:24:00.000Z,zone-d,temperature,25.7
2024-01-28T14:34:00.000Z,zone-a,humidity,77.1
2024-01-28T15:16:00.000Z,zone-a,temperature,16.7
2024-01-28T15:22:00.000Z,zone-c,temperature,33.6
2024-01-28T16:02:00.000Z,zone-a,light,279.9
2024-01-28T17:55:00.000Z,zone-b,pressure,1010.7
2024-01-28T22:41:00.000Z,zone-c,pressure,1006.3
2024-01-29T00:00:00.000Z,zone-d,light,748.9
2024-01-29T00:04:00.000Z,zone-a,pressure,993.1
2024-01-29T01:51:00.000Z,zone-a,humidity,64.2
2024-01-29T03:30:00.000Z,zone-d,humidity,62.3
2024-01-29T04:11:00.000Z,zone-d,temperature,29.1
2024-01-29T04:33:00.000Z,zone-c,temperature,18.2
2024-01-29T06:17:00.000Z,zone-d,pressure,997.7
2024-01-29T06:26:00.000Z,zone-b,light,273.2
2024-01-29T06:41:00.000Z,zone-a,light,278.7
2024-01-29T08:36:00.000Z,zone-b,humidity,51.4
2024-01-29T10:23:00.000Z,zone-c,light,339.5
2024-01-29T11:54:00.000Z,zone-b,temperature,17.3
2024-01-29T15:20:00.000Z,zone-c,humidity,55.2
2024-01-29T15:42:00.000Z,zone-b,pressure,1005.3
2024-01-29T17:45:00.000Z,zone-a,temperature,28.9
2024-01-29T18:31:00.000Z,zone-b,pressure,994.1
2024-01-29T18:47:00.000Z,zone-d,pressure,1008.5
2024-01-29T20:38:00.000Z,zone-a,temperature,33
2024-01-29T21:23:00.000Z,zone-b,light,761.6
2024-01-29T21:39:00.000Z,zone-a,pressure,994
2024-01-29T23:09:00.000Z,zone-c,humidity,48.6
2024-01-30T01:40:00.000Z,zone-c,temperature,28.7
2024-01-30T03:53:00.000Z,zone-d,temperature,18.6
2024-01-30T07:14:00.000Z,zone-c,light,890.6
2024-01-30T10:41:00.000Z,zone-d,humidity,35
2024-01-30T11:43:00.000Z,zone-d,light,612.3
2024-01-30T13:01:00.000Z,zone-b,temperature,33.5
2024-01-30T15:02:00.000Z,zone-c,pressure,1011.5
2024-01-30T16:35:00.000Z,zone-a,light,575.8
2024-01-30T16:58:00.000Z,zone-a,humidity,78.4
2024-01-30T18:28:00.000Z,zone-b,humidity,69.2
2024-01-30T19:12:00.000Z,zone-b,light,890.4
2024-01-30T20:03:00.000Z,zone-a,temperature,27.1
2024-01-30T21:04:00.000Z,zone-c,humidity,34.4
2024-01-30T22:13:00.000Z,zone-c,temperature,30.2
2024-01-30T22:48:00.000Z,zone-d,light,559.4
2024-01-30T23:35:00.000Z,zone-b,humidity,70.4
2024-01-31T01:57:00.000Z,zone-d,temperature,29.1
2024-01-31T03:21:00.000Z,zone-a,light,851.7
2024-01-31T04:24:00.000Z,zone-c,pressure,1002.8
2024-01-31T04:40:00.000Z,zone-c,light,280.7
2024-01-31T04:59:00.000Z,zone-a,humidity,44
2024-01-31T07:21:00.000Z,zone-b,pressure,993.1
2024-01-31T13:14:00.000Z,zone-a,pressure,1016.6
2024-01-31T15:23:00.000Z,zone-b,temperature,17.4
2024-01-31T16:42:00.000Z,zone-d,humidity,59.1
2024-01-31T17:14:00.000Z,zone-d,pressure,1000.4
2024-01-31T21:52:00.000Z,zone-d,humidity,33.3
2024-01-31T22:33:00.000Z,zone-d,pressure,1018.6
2024-01-31T23:02:00.000Z,zone-d,light,335.4
2024-01-31T23:26:00.000Z,zone-a,temperature,21.6
2024-01-31T23:47:00.000Z,zone-a,humidity,41.9
2024-02-01T00:49:00.000Z,zone-c,humidity,36
2024-02-01T04:43:00.000Z,zone-c,temperature,33.3
2024-02-01T07:24:00.000Z,zone-b,humidity,61.2
2024-02-01T08:23:00.000Z,zone-c,pressure,1014.9
2024-02-01T14:05:00.000Z,zone-c,light,885.9
2024-02-01T14:12:00.000Z,zone-b,temperature,19.7
2024-02-01T14:38:00.000Z,zone-a,pressure,994.6
2024-02-01T15:08:00.000Z,zone-d,temperature,15.2
2024-02-01T15:37:00.000Z,zone-b,pressure,1010.5
2024-02-01T15:42:00.000Z,zone-b,light,836
2024-02-01T16:34:00.000Z,zone-a,light,706.8
2024-02-01T19:11:00.000Z,zone-b,humidity,63.8
2024-02-01T19:16:00.000Z,zone-d,light,727.9
2024-02-01T19:36:00.000Z,zone-b,pressure,993.1
2024-02-01T19:38:00.000Z,zone-b,temperature,28.2
2024-02-01T21:00:00.000Z,zone-a,temperature,30.1
2024-02-02T04:43:00.000Z,zone-b,light,496.5
2024-02-02T06:09:00.000Z,zone-c,pressure,994.2
2024-02-02T06:16:00.000Z,zone-c,humidity,70.5
2024-02-02T06:29:00.000Z,zone-a,humidity,77.8
2024-02-02T06:32:00.000Z,zone-c,temperature,18.8
2024-02-02T07:29:00.000Z,zone-c,light,779.8
2024-02-02T07:30:00.000Z,zone-a,pressure,1005
2024-02-02T08:31:00.000Z,zone-d,humidity,53
2024-02-02T12:54:00.000Z,zone-a,light,812.8
2024-02-02T13:30:00.000Z,zone-d,pressure,1008.8
2024-02-02T17:51:00.000Z,zone-d,temperature,22.6
2024-02-02T20:08:00.000Z,zone-a,pressure,993.8
2024-02-03T00:28:00.000Z,zone-b,light,713
2024-02-03T00:41:00.000Z,zone-b,temperature,28.5
2024-02-03T02:58:00.000Z,zone-b,pressure,995.8
2024-02-03T03:52:00.000Z,zone-c,light,889.1
2024-02-03T04:10:00.000Z,zone-c,humidity,31.8
2024-02-03T05:15:00.000Z,zone-d,humidity,60.6
2024-02-03T07:54:00.000Z,zone-a,humidity,65
2024-02-03T08:27:00.000Z,zone-a,light,890.5
2024-02-03T10:05:00.000Z,zone-b,humidity,34.6
2024-02-03T12:01:00.000Z,zone-c,pressure,996.1
2024-02-03T12:22:00.000Z,zone-d,light,297
2024-02-03T12:25:00.000Z,zone-a,temperature,31.1
2024-02-03T12:56:00.000Z,zone-d,pressure,1006.5
2024-02-03T13:43:00.000Z,zone-d,temperature,15.7
2024-02-03T15:23:00.000Z,zone-c,temperature,24.8
2024-02-03T19:56:00.000Z,zone-d,humidity,39
2024-02-03T20:17:00.000Z,zone-b,humidity,58.1
2024-02-03T23:47:00.000Z,zone-d,pressure,1010.4
2024-02-04T01:21:00.000Z,zone-c,light,346.9
2024-02-04T06:21:00.000Z,zone-a,pressure,1004.5
2024-02-04T07:38:00.000Z,zone-d,light,651.1
2024-02-04T07:48:00.000Z,zone-b,temperature,23.6
2024-02-04T08:07:00.000Z,zone-a,humidity,36.9
2024-02-04T11:22:00.000Z,zone-a,light,726
2024-02-04T11:53:00.000Z,zone-d,temperature,20.6
2024-02-04T13:27:00.000Z,zone-b,pressure,992.9
2024-02-04T14:54:00.000Z,zone-c,humidity,48.2
2024-02-04T14:57:00.000Z,zone-c,pressure,1011.9
2024-02-04T16:55:00.000Z,zone-a,temperature,19.2
2024-02-04T16:58:00.000Z,zone-b,light,212
2024-02-04T18:05:00.000Z,zone-c,temperature,22.4
2024-02-04T19:54:00.000Z,zone-b,pressure,1017.7
2024-02-04T20:10:00.000Z,zone-b,light,729.7
2024-02-04T20:33:00.000Z,zone-d,temperature,31.7
2024-02-04T21:09:00.000Z,zone-c,pressure,1017.4
2024-02-04T23:47:00.000Z,zone-a,light,180.6
2024-02-05T01:03:00.000Z,zone-d,light,893.4
2024-02-05T02:05:00.000Z,zone-a,temperature,16.9
2024-02-05T05:15:00.000Z,zone-b,humidity,72.1
2024-02-05T05:30:00.000Z,zone-b,temperature,27.4
2024-02-05T05:41:00.000Z,zone-d,pressure,1018.2
2024-02-05T10:03:00.000Z,zone-c,temperature,33.3
2024-02-05T10:40:00.000Z,zone-c,humidity,73.9
2024-02-05T11:39:00.000Z,zone-a,humidity,73.4
2024-02-05T16:26:00.000Z,zone-a,pressure,992.4
2024-02-05T16:51:00.000Z,zone-c,light,327.3
2024-02-05T17:08:00.000Z,zone-d,humidity,75
2024-02-05T21:13:00.000Z,zone-a,pressure,1007.5
2024-02-05T22:56:00.000Z,zone-d,temperature,28.6
2024-02-05T23:45:00.000Z,zone-b,temperature,25.9
2024-02-06T00:44:00.000Z,zone-b,pressure,1014.7
2024-02-06T00:46:00.000Z,zone-b,humidity,42.7
2024-02-06T02:38:00.000Z,zone-d,humidity,71
2024-02-06T04:19:00.000Z,zone-c,pressure,1017.9
2024-02-06T08:17:00.000Z,zone-a,temperature,27.9
2024-02-06T08:29:00.000Z,zone-b,light,425.3
2024-02-06T10:07:00.000Z,zone-c,temperature,22.8
2024-02-06T13:31:00.000Z,zone-d,pressure,1008.7
2024-02-06T14:23:00.000Z,zone-d,light,684.4
2024-02-06T15:04:00.000Z,zone-c,light,826.8
2024-02-06T15:19:00.000Z,zone-c,humidity,39.8
2024-02-06T16:50:00.000Z,zone-a,humidity,66.7
2024-02-06T16:51:00.000Z,zone-a,light,570.3
2024-02-06T20:01:00.000Z,zone-a,humidity,65.5
2024-02-06T20:32:00.000Z,zone-c,light,757.6
2024-02-06T21:08:00.000Z,zone-b,light,394.3
2024-02-06T23:57:00.000Z,zone-b,humidity,70.8
2024-02-07T00:10:00.000Z,zone-b,temperature,22.4
2024-02-07T01:22:00.000Z,zone-d,pressure,1018
2024-02-07T05:31:00.000Z,zone-c,pressure,1010.3
2024-02-07T05:33:00.000Z,zone-d,temperature,29.4
2024-02-07T09:24:00.000Z,zone-a,light,293.3
2024-02-07T09:40:00.000Z,zone-a,temperature,17.6
2024-02-07T10:30:00.000Z,zone-c,humidity,61.8
2024-02-07T12:11:00.000Z,zone-c,temperature,32.1
2024-02-07T12:24:00.000Z,zone-d,light,658
2024-02-07T13:13:00.000Z,zone-d,humidity,60.2
2024-02-07T15:55:00.000Z,zone-b,pressure,1018.3
2024-02-07T17:25:00.000Z,zone-a,pressure,1014.6
2024-02-07T19:00:00.000Z,zone-d,temperature,19.5
2024-02-07T22:07:00.000Z,zone-b,humidity,67.8
2024-02-07T22:54:00.000Z,zone-b,temperature,27.4
2024-02-07T23:04:00.000Z,zone-a,pressure,992.4
2024-02-08T01:38:00.000Z,zone-b,light,237.8
2024-02-08T01:47:00.000Z,zone-a,temperature,16.7
2024-02-08T02:10:00.000Z,zone-d,light,535.5
2024-02-08T05:05:00.000Z,zone-c,temperature,27.3
2024-02-08T06:22:00.000Z,zone-a,light,845.5
2024-02-08T06:31:00.000Z,zone-c,light,526.6
2024-02-08T07:44:00.000Z,zone-c,humidity,48.1
2024-02-08T08:22:00.000Z,zone-b,pressure,1008
2024-02-08T09:43:00.000Z,zone-d,humidity,48.9
2024-02-08T09:53:00.000Z,zone-d,pressure,1000.9
2024-02-08T09:55:00.000Z,zone-a,humidity,30.6
2024-02-08T15:34:00.000Z,zone-c,pressure,992.5
2024-02-08T19:11:00.000Z,zone-a,humidity,67.7
2024-02-08T19:58:00.000Z,zone-d,light,691.6
2024-02-08T21:36:00.000Z,zone-d,temperature,29.8
2024-02-08T22:59:00.000Z,zone-c,humidity,52
2024-02-08T23:41:00.000Z,zone-a,pressure,1012.1
2024-02-09T04:42:00.000Z,zone-c,light,422.1
2024-02-09T05:34:00.000Z,zone-b,pressure,1010.9
2024-02-09T05:40:00.000Z,zone-d,pressure,997.3
2024-02-09T08:29:00.000Z,zone-c,temperature,28.9
2024-02-09T08:39:00.000Z,zone-a,temperature,33.1
2024-02-09T10:39:00.000Z,zone-b,temperature,27.1
2024-02-09T12:49:00.000Z,zone-b,light,290.3
2024-02-09T13:04:00.000Z,zone-d,humidity,30.2
2024-02-09T16:12:00.000Z,zone-c,pressure,1019.2
2024-02-09T16:39:00.000Z,zone-a,light,515.4
2024-02-09T17:24:00.000Z,zone-b,humidity,62.7
2024-02-09T20:23:00.000Z,zone-d,humidity,65.8
2024-02-09T20:43:00.000Z,zone-d,light,557.3
2024-02-09T21:33:00.000Z,zone-c,light,822.8
2024-02-09T22:57:00.000Z,zone-d,pressure,1016.6
2024-02-10T01:01:00.000Z,zone-b,light,386.9
2024-02-10T03:19:00.000Z,zone-b,temperature,17.1
2024-02-10T05:06:00.000Z,zone-d,temperature,26.9
2024-02-10T05:44:00.000Z,zone-a,temperature,29.3
2024-02-10T06:53:00.000Z,zone-c,humidity,74.8
2024-02-10T07:36:00.000Z,zone-b,humidity,63
2024-02-10T12:06:00.000Z,zone-b,pressure,1011.3
2024-02-10T12:50:00.000Z,zone-c,temperature,21.5
2024-02-10T13:19:00.000Z,zone-a,light,464.5
2024-02-10T16:55:00.000Z,zone-a,pressure,1002
2024-02-10T17:21:00.000Z,zone-a,humidity,51.5
2024-02-10T18:27:00.000Z,zone-c,pressure,1010.1
2024-02-10T20:15:00.000Z,zone-a,light,321.1
2024-02-10T20:49:00.000Z,zone-c,pressure,1008
2024-02-10T20:57:00.000Z,zone-d,pressure,996
2024-02-10T21:07:00.000Z,zone-b,temperature,25.5
2024-02-10T21:53:00.000Z,zone-c,temperature,16.5
2024-02-10T23:09:00.000Z,zone-c,humidity,47.6
2024-02-10T23:29:00.000Z,zone-a,humidity,61.2
2024-02-11T00:08:00.000Z,zone-a,temperature,24.8
2024-02-11T02:19:00.000Z,zone-a,pressure,1000
2024-02-11T02:46:00.000Z,zone-b,pressure,1008.4
2024-02-11T04:21:00.000Z,zone-c,light,636.5
2024-02-11T05:50:00.000Z,zone-b,light,169.7
2024-02-11T06:54:00.000Z,zone-d,humidity,48.4
2024-02-11T07:56:00.000Z,zone-b,humidity,43.8
2024-02-11T16:58:00.000Z,zone-d,light,743.5
2024-02-11T18:07:00.000Z,zone-d,temperature,31.6
2024-02-11T19:42:00.000Z,zone-d,humidity,42.1
2024-02-11T20:00:00.000Z,zone-c,temperature,17.9
2024-02-11T20:45:00.000Z,zone-b,temperature,34.5
2024-02-11T22:09:00.000Z,zone-b,pressure,1010.1
2024-02-11T22:52:00.000Z,zone-b,light,137.8
2024-02-11T23:22:00.000Z,zone-a,pressure,990.1
2024-02-12T07:02:00.000Z,zone-c,pressure,1005.9
2024-02-12T07:04:00.000Z,zone-d,pressure,991.7
2024-02-12T08:51:00.000Z,zone-d,temperature,16.7
2024-02-12T08:59:00.000Z,zone-c,humidity,44.4
2024-02-12T09:49:00.000Z,zone-d,light,845.1
2024-02-12T11:59:00.000Z,zone-c,light,421.3
2024-02-12T15:06:00.000Z,zone-b,humidity,59.8
2024-02-12T15:14:00.000Z,zone-a,temperature,23.6
2024-02-12T16:24:00.000Z,zone-a,humidity,71.5
2024-02-12T16:39:00.000Z,zone-a,light,142.7
2024-02-12T22:13:00.000Z,zone-c,humidity,34.7
2024-02-12T23:26:00.000Z,zone-b,humidity,72.7
2024-02-13T00:57:00.000Z,zone-d,light,779
2024-02-13T01:17:00.000Z,zone-c,pressure,1006.7
2024-02-13T01:37:00.000Z,zone-d,humidity,49
2024-02-13T01:55:00.000Z,zone-b,temperature,17.5
2024-02-13T04:43:00.000Z,zone-a,pressure,1013.6
2024-02-13T05:21:00.000Z,zone-a,temperature,28.5
2024-02-13T05:37:00.000Z,zone-c,light,130.4
2024-02-13T06:26:00.000Z,zone-d,temperature,21.8
2024-02-13T07:00:00.000Z,zone-a,humidity,34.6
2024-02-13T08:42:00.000Z,zone-a,light,581.2
2024-02-13T10:43:00.000Z,zone-c,temperature,19.2
2024-02-13T12:56:00.000Z,zone-b,light,147.8
2024-02-13T17:08:00.000Z,zone-b,pressure,1005.7
2024-02-13T17:56:00.000Z,zone-d,pressure,1003.6
2024-02-13T19:06:00.000Z,zone-d,humidity,64.2
2024-02-13T19:52:00.000Z,zone-c,humidity,36.9
2024-02-13T20:40:00.000Z,zone-b,humidity,55.2
2024-02-13T22:19:00.000Z,zone-b,pressure,1000.4
2024-02-13T22:40:00.000Z,zone-a,humidity,67.7
2024-02-13T23:41:00.000Z,zone-d,temperature,25.9
2024-02-14T00:56:00.000Z,zone-b,light,105.7
2024-02-14T02:21:00.000Z,zone-a,pressure,1003.9
2024-02-14T03:40:00.000Z,zone-a,temperature,27.6
2024-02-14T06:36:00.000Z,zone-c,temperature,21.8
2024-02-14T10:35:00.000Z,zone-a,light,499.2
2024-02-14T12:05:00.000Z,zone-d,light,299.7
2024-02-14T13:53:00.000Z,zone-d,pressure,995.2
2024-02-14T14:15:00.000Z,zone-b,temperature,32.9
2024-02-14T16:10:00.000Z,zone-c,light,517.8
2024-02-14T17:19:00.000Z,zone-c,pressure,995.5
2024-02-14T19:17:00.000Z,zone-c,humidity,50.3
2024-02-15T02:15:00.000Z,zone-d,pressure,1010
2024-02-15T02:29:00.000Z,zone-d,humidity,74.6
2024-02-15T03:44:00.000Z,zone-c,temperature,17
2024-02-15T04:01:00.000Z,zone-b,pressure,1003.6
2024-02-15T05:43:00.000Z,zone-a,pressure,996.9
2024-02-15T06:38:00.000Z,zone-a,temperature,21.9
2024-02-15T06:40:00.000Z,zone-b,humidity,34
2024-02-15T07:36:00.000Z,zone-c,light,648.9
2024-02-15T08:27:00.000Z,zone-a,humidity,39.4
2024-02-15T08:51:00.000Z,zone-b,temperature,27.3
2024-02-15T11:40:00.000Z,zone-b,light,183.3
2024-02-15T13:54:00.000Z,zone-a,light,744.3
2024-02-15T14:43:00.000Z,zone-d,temperature,34.3
2024-02-15T15:22:00.000Z,zone-d,light,245.1
2024-02-15T17:42:00.000Z,zone-c,pressure,1013.7
2024-02-15T21:04:00.000Z,zone-c,temperature,24.4
2024-02-15T21:07:00.000Z,zone-b,temperature,28.4
2024-02-15T21:51:00.000Z,zone-c,light,862.1
2024-02-15T22:05:00.000Z,zone-a,light,414.5
2024-02-15T22:37:00.000Z,zone-c,pressure,993.9
2024-02-15T23:44:00.000Z,zone-d,light,228.7
2024-02-16T00:29:00.000Z,zone-a,humidity,69.6
2024-02-16T01:42:00.000Z,zone-d,pressure,1003.3
2024-02-16T02:37:00.000Z,zone-b,pressure,1007.5
2024-02-16T03:43:00.000Z,zone-a,pressure,1013.8
2024-02-16T03:58:00.000Z,zone-d,temperature,16.6
2024-02-16T07:26:00.000Z,zone-c,humidity,72.4
2024-02-16T08:12:00.000Z,zone-b,humidity,51.9
2024-02-16T11:06:00.000Z,zone-b,light,886
2024-02-16T11:26:00.000Z,zone-d,humidity,75.6
2024-02-16T18:00:00.000Z,zone-a,temperature,24.6
2024-02-16T19:50:00.000Z,zone-b,light,319.4
2024-02-16T19:56:00.000Z,zone-a,light,306.2
2024-02-16T21:49:00.000Z,zone-d,humidity,58.1
2024-02-17T02:05:00.000Z,zone-a,pressure,1001.1
2024-02-17T03:03:00.000Z,zone-b,temperature,23.3
2024-02-17T04:10:00.000Z,zone-b,pressure,995.8
2024-02-17T05:54:00.000Z,zone-c,pressure,997.9
2024-02-17T06:03:00.000Z,zone-a,humidity,43.4
2024-02-17T09:44:00.000Z,zone-c,light,252.4
2024-02-17T09:59:00.000Z,zone-d,temperature,34.9
2024-02-17T11:57:00.000Z,zone-c,temperature,29.2
2024-02-17T13:18:00.000Z,zone-d,pressure,1017.4
2024-02-17T13:28:00.000Z,zone-c,humidity,58.1
2024-02-17T14:57:00.000Z,zone-d,light,580.1
2024-02-17T16:18:00.000Z,zone-a,temperature,31.7
2024-02-17T16:28:00.000Z,zone-b,humidity,37.9
2024-02-17T19:29:00.000Z,zone-a,pressure,1009.5
2024-02-17T19:30:00.000Z,zone-c,humidity,75.1
2024-02-18T01:13:00.000Z,zone-c,light,408.7
2024-02-18T04:06:00.000Z,zone-d,light,578.4
2024-02-18T04:07:00.000Z,zone-b,light,848.7
2024-02-18T05:16:00.000Z,zone-d,temperature,21.8
2024-02-18T05:30:00.000Z,zone-d,humidity,73
2024-02-18T05:34:00.000Z,zone-b,pressure,1007.7
2024-02-18T06:51:00.000Z,zone-d,pressure,998.9
2024-02-18T07:33:00.000Z,zone-a,humidity,65.6
2024-02-18T08:06:00.000Z,zone-c,temperature,20.1
2024-02-18T09:16:00.000Z,zone-b,humidity,43.6
2024-02-18T09:22:00.000Z,zone-b,temperature,25.5
2024-02-18T12:08:00.000Z,zone-a,light,705.3
2024-02-18T14:01:00.000Z,zone-c,pressure,1014.8
2024-02-18T15:11:00.000Z,zone-a,temperature,27.5
2024-02-18T21:04:00.000Z,zone-b,light,106
2024-02-18T21:45:00.000Z,zone-b,pressure,1016.5
2024-02-18T23:18:00.000Z,zone-c,light,491.7
2024-02-19T00:33:00.000Z,zone-a,humidity,67.4
2024-02-19T00:57:00.000Z,zone-d,temperature,32.9
2024-02-19T01:43:00.000Z,zone-d,light,881.2
2024-02-19T01:53:00.000Z,zone-c,temperature,29.2
2024-02-19T01:53:00.000Z,zone-d,pressure,1000.7
2024-02-19T03:00:00.000Z,zone-b,humidity,72.2
2024-02-19T05:25:00.000Z,zone-b,temperature,17.2
2024-02-19T06:02:00.000Z,zone-d,humidity,70.9
2024-02-19T08:55:00.000Z,zone-a,pressure,1004.3
2024-02-19T12:24:00.000Z,zone-a,temperature,33.8
2024-02-19T13:29:00.000Z,zone-a,light,565.7
2024-02-19T16:42:00.000Z,zone-c,pressure,998.3
2024-02-19T18:08:00.000Z,zone-c,humidity,75.4
2024-02-19T18:36:00.000Z,zone-d,temperature,29.9
2024-02-19T19:14:00.000Z,zone-c,pressure,1012.3
2024-02-19T19:15:00.000Z,zone-d,pressure,1013.9
2024-02-19T20:42:00.000Z,zone-c,humidity,36.7
2024-02-19T22:11:00.000Z,zone-b,pressure,1019.9
2024-02-20T00:35:00.000Z,zone-c,light,253.7
2024-02-20T01:26:00.000Z,zone-d,humidity,45.2
2024-02-20T01:34:00.000Z,zone-b,temperature,16.2
2024-02-20T01:42:00.000Z,zone-a,temperature,28.5
2024-02-20T02:37:00.000Z,zone-b,light,819
2024-02-20T11:11:00.000Z,zone-b,humidity,75.3
2024-02-20T14:22:00.000Z,zone-a,pressure,991.4
2024-02-20T14:50:00.000Z,zone-a,light,686.5
2024-02-20T15:37:00.000Z,zone-d,light,313.7
2024-02-20T15:42:00.000Z,zone-a,humidity,63.7
2024-02-20T17:45:00.000Z,zone-c,temperature,32.7
2024-02-20T18:49:00.000Z,zone-a,humidity,40.7
2024-02-20T19:18:00.000Z,zone-c,humidity,36.7
2024-02-20T20:48:00.000Z,zone-a,pressure,1013.6
2024-02-20T20:59:00.000Z,zone-d,humidity,72.2
2024-02-20T21:20:00.000Z,zone-c,temperature,28.6
2024-02-20T23:27:00.000Z,zone-d,light,194.4
2024-02-21T00:37:00.000Z,zone-b,pressure,1006.9
2024-02-21T04:55:00.000Z,zone-b,temperature,31.5
2024-02-21T05:15:00.000Z,zone-d,temperature,18
2024-02-21T05:26:00.000Z,zone-a,temperature,19.6
2024-02-21T06:13:00.000Z,zone-d,pressure,1017.1
2024-02-21T07:14:00.000Z,zone-b,light,439
2024-02-21T08:07:00.000Z,zone-c,light,114.8
2024-02-21T12:01:00.000Z,zone-b,humidity,75.7
2024-02-21T13:34:00.000Z,zone-a,light,437.9
2024-02-21T14:25:00.000Z,zone-c,pressure,1000.5
2024-02-21T21:25:00.000Z,zone-b,humidity,57.1
2024-02-21T23:12:00.000Z,zone-c,humidity,46.7
2024-02-22T00:53:00.000Z,zone-d,light,555.7
2024-02-22T02:11:00.000Z,zone-b,temperature,17.4
2024-02-22T03:34:00.000Z,zone-c,pressure,1007.1
2024-02-22T05:00:00.000Z,zone-a,temperature,33.8
2024-02-22T05:37:00.000Z,zone-c,light,480.4
2024-02-22T06:32:00.000Z,zone-b,light,644.3
2024-02-22T06:35:00.000Z,zone-d,humidity,43.3
2024-02-22T07:16:00.000Z,zone-b,pressure,1000.1
2024-02-22T07:56:00.000Z,zone-a,pressure,1001.5
2024-02-22T10:58:00.000Z,zone-a,humidity,52.6
2024-02-22T13:38:00.000Z,zone-a,light,617.6
2024-02-22T15:05:00.000Z,zone-c,temperature,18.7
2024-02-22T15:14:00.000Z,zone-d,pressure,994.6
2024-02-22T18:08:00.000Z,zone-d,temperature,21.9
2024-02-22T21:45:00.000Z,zone-c,temperature,32.3
2024-02-22T21:53:00.000Z,zone-a,light,790.7
2024-02-22T22:44:00.000Z,zone-a,humidity,57.7
2024-02-22T23:24:00.000Z,zone-b,pressure,1010.1
2024-02-23T03:02:00.000Z,zone-d,temperature,17.5
2024-02-23T05:05:00.000Z,zone-c,light,346
2024-02-23T05:42:00.000Z,zone-a,temperature,21.8
2024-02-23T05:49:00.000Z,zone-a,pressure,995.3
2024-02-23T06:14:00.000Z,zone-d,humidity,41
2024-02-23T07:46:00.000Z,zone-b,temperature,31.4
2024-02-23T09:08:00.000Z,zone-d,pressure,1015.5
2024-02-23T10:49:00.000Z,zone-d,light,112.6
2024-02-23T13:51:00.000Z,zone-c,pressure,1018
2024-02-23T14:01:00.000Z,zone-c,humidity,59.5
2024-02-23T14:11:00.000Z,zone-b,humidity,55
2024-02-23T14:26:00.000Z,zone-b,light,241
2024-02-23T18:46:00.000Z,zone-a,pressure,1001.1
2024-02-23T18:55:00.000Z,zone-c,humidity,31.9
2024-02-23T19:28:00.000Z,zone-d,humidity,40.9
2024-02-23T20:22:00.000Z,zone-a,temperature,22.6
2024-02-23T21:30:00.000Z,zone-b,temperature,15.2
2024-02-23T22:27:00.000Z,zone-b,humidity,51.2
2024-02-23T23:06:00.000Z,zone-a,humidity,68.8
2024-02-24T02:05:00.000Z,zone-c,temperature,28.1
2024-02-24T03:01:00.000Z,zone-d,light,416.6
2024-02-24T04:01:00.000Z,zone-b,pressure,1012.3
2024-02-24T04:14:00.000Z,zone-d,pressure,995.4
2024-02-24T05:36:00.000Z,zone-b,light,542.7
2024-02-24T10:04:00.000Z,zone-d,temperature,18.5
2024-02-24T11:50:00.000Z,zone-c,pressure,998.3
2024-02-24T12:59:00.000Z,zone-a,light,318.3
2024-02-24T14:23:00.000Z,zone-c,light,561.3
2024-02-24T18:51:00.000Z,zone-b,light,466.9
2024-02-24T19:12:00.000Z,zone-d,light,101.4
2024-02-24T20:04:00.000Z,zone-a,temperature,30.8
2024-02-24T20:45:00.000Z,zone-d,pressure,996.4
2024-02-24T20:49:00.000Z,zone-c,light,119.1
2024-02-24T22:05:00.000Z,zone-b,temperature,21.7
2024-02-25T02:59:00.000Z,zone-a,humidity,43.6
2024-02-25T03:27:00.000Z,zone-a,pressure,1000.4
2024-02-25T07:25:00.000Z,zone-a,light,141.5
2024-02-25T07:36:00.000Z,zone-c,humidity,76.1
2024-02-25T08:13:00.000Z,zone-d,humidity,65.6
2024-02-25T11:18:00.000Z,zone-d,temperature,21.7
2024-02-25T13:14:00.000Z,zone-c,pressure,1002.6
2024-02-25T13:18:00.000Z,zone-b,pressure,1007.5
2024-02-25T13:52:00.000Z,zone-c,temperature,15.6
2024-02-25T15:24:00.000Z,zone-b,humidity,37.5
2024-02-25T20:57:00.000Z,zone-d,pressure,996.4
2024-02-25T21:13:00.000Z,zone-c,humidity,61.2
2024-02-25T21:32:00.000Z,zone-b,humidity,63.4
2024-02-25T23:12:00.000Z,zone-c,temperature,21.4
2024-02-26T05:25:00.000Z,zone-a,light,141
2024-02-26T08:52:00.000Z,zone-b,temperature,27.8
2024-02-26T10:15:00.000Z,zone-c,pressure,1008.1
2024-02-26T11:47:00.000Z,zone-d,humidity,36.9
2024-02-26T11:58:00.000Z,zone-a,pressure,1020
2024-02-26T12:02:00.000Z,zone-a,humidity,54.6
2024-02-26T13:01:00.000Z,zone-c,light,850.9
2024-02-26T13:22:00.000Z,zone-b,pressure,993.9
2024-02-26T13:48:00.000Z,zone-d,temperature,35
2024-02-26T14:56:00.000Z,zone-b,light,344.3
2024-02-26T17:31:00.000Z,zone-d,light,365.3
2024-02-26T17:48:00.000Z,zone-a,temperature,30.8
2024-02-26T23:15:00.000Z,zone-d,temperature,25.6
2024-02-26T23:27:00.000Z,zone-c,light,820.4
2024-02-27T00:44:00.000Z,zone-c,humidity,37.4
2024-02-27T01:41:00.000Z,zone-b,temperature,26.1
2024-02-27T01:49:00.000Z,zone-d,pressure,1008
2024-02-27T03:02:00.000Z,zone-b,humidity,70.9
2024-02-27T03:48:00.000Z,zone-c,pressure,1009.6
2024-02-27T07:19:00.000Z,zone-c,temperature,34.5
2024-02-27T07:29:00.000Z,zone-b,pressure,1011.3
2024-02-27T08:06:00.000Z,zone-d,humidity,65.8
2024-02-27T08:45:00.000Z,zone-a,temperature,20.6
2024-02-27T09:12:00.000Z,zone-a,light,447.7
2024-02-27T10:27:00.000Z,zone-b,light,745.7
2024-02-27T12:03:00.000Z,zone-d,light,207.4
2024-02-27T12:26:00.000Z,zone-a,humidity,34.6
2024-02-27T14:20:00.000Z,zone-a,pressure,1018.2
2024-02-27T20:00:00.000Z,zone-c,pressure,990.7
2024-02-27T21:39:00.000Z,zone-d,temperature,23.8
2024-02-28T02:19:00.000Z,zone-b,humidity,63.4
2024-02-28T04:13:00.000Z,zone-d,humidity,41.5
2024-02-28T05:00:00.000Z,zone-a,temperature,27.8
2024-02-28T08:28:00.000Z,zone-c,humidity,52.8
2024-02-28T11:25:00.000Z,zone-c,temperature,32.7
2024-02-28T11:29:00.000Z,zone-b,temperature,24.6
2024-02-28T12:38:00.000Z,zone-b,pressure,1008.2
2024-02-28T13:38:00.000Z,zone-d,light,885.9
2024-02-28T13:45:00.000Z,zone-c,light,497
2024-02-28T14:41:00.000Z,zone-a,pressure,1010.6
2024-02-28T15:33:00.000Z,zone-a,humidity,31.5
2024-02-28T17:13:00.000Z,zone-d,pressure,1003.4
2024-02-28T17:41:00.000Z,zone-b,light,294
2024-02-28T17:49:00.000Z,zone-a,light,807.8
2024-02-28T22:56:00.000Z,zone-a,pressure,1007.2
2024-02-28T23:30:00.000Z,zone-d,humidity,56.6
2024-02-29T02:34:00.000Z,zone-a,humidity,61.6
2024-02-29T05:13:00.000Z,zone-d,light,197.7
2024-02-29T05:46:00.000Z,zone-a,temperature,33.6
2024-02-29T06:14:00.000Z,zone-b,temperature,25.9
2024-02-29T07:15:00.000Z,zone-c,temperature,15.1
2024-02-29T08:22:00.000Z,zone-b,pressure,1001.3
2024-02-29T09:49:00.000Z,zone-c,humidity,76.6
2024-02-29T12:05:00.000Z,zone-b,light,895.7
2024-02-29T12:12:00.000Z,zone-a,light,855.2
2024-02-29T12:19:00.000Z,zone-c,light,179.8
2024-02-29T13:00:00.000Z,zone-b,humidity,49.8
2024-02-29T13:15:00.000Z,zone-d,temperature,16.4
2024-02-29T17:20:00.000Z,zone-c,pressure,1017.1
2024-02-29T17:43:00.000Z,zone-d,pressure,1007.4
2024-02-29T19:58:00.000Z,zone-c,pressure,1011.6
2024-02-29T23:43:00.000Z,zone-d,pressure,1006.9
2024-03-01T05:44:00.000Z,zone-a,humidity,42.2
2024-03-01T05:50:00.000Z,zone-a,pressure,996.4
2024-03-01T06:42:00.000Z,zone-a,light,750.7
2024-03-01T06:45:00.000Z,zone-b,pressure,1019.8
2024-03-01T07:21:00.000Z,zone-d,humidity,68.7
2024-03-01T09:13:00.000Z,zone-b,light,598.7
2024-03-01T09:37:00.000Z,zone-c,temperature,34.2
2024-03-01T10:18:00.000Z,zone-d,light,814.5
2024-03-01T10:50:00.000Z,zone-b,humidity,61.6
2024-03-01T12:00:00.000Z,zone-b,temperature,24.4
2024-03-01T12:10:00.000Z,zone-c,humidity,37.1
2024-03-01T14:35:00.000Z,zone-d,temperature,25.4
2024-03-01T15:24:00.000Z,zone-c,light,278
2024-03-01T17:00:00.000Z,zone-a,temperature,21.2
2024-03-01T18:57:00.000Z,zone-c,pressure,998.8
2024-03-01T19:34:00.000Z,zone-d,pressure,1016.2
2024-03-01T19:54:00.000Z,zone-b,pressure,1018.6
2024-03-01T20:54:00.000Z,zone-d,humidity,55.2
2024-03-01T21:51:00.000Z,zone-a,light,314.3
2024-03-01T23:37:00.000Z,zone-c,light,275.6
2024-03-01T23:41:00.000Z,zone-a,humidity,48.7
2024-03-02T00:07:00.000Z,zone-b,light,565.2
2024-03-02T00:41:00.000Z,zone-a,temperature,34.2
2024-03-02T01:55:00.000Z,zone-d,light,656.1
2024-03-02T02:02:00.000Z,zone-a,pressure,997.8
2024-03-02T07:24:00.000Z,zone-c,temperature,16
2024-03-02T12:37:00.000Z,zone-c,humidity,74.4
2024-03-02T12:41:00.000Z,zone-b,temperature,24.1
2024-03-02T13:21:00.000Z,zone-d,temperature,26.1
2024-03-02T14:28:00.000Z,zone-b,humidity,60
2024-03-02T18:31:00.000Z,zone-d,pressure,997.3
2024-03-02T18:52:00.000Z,zone-d,light,368.8
2024-03-02T20:36:00.000Z,zone-c,temperature,19
2024-03-02T22:34:00.000Z,zone-b,pressure,1002.4
2024-03-02T23:38:00.000Z,zone-a,pressure,1008.3
2024-03-03T00:08:00.000Z,zone-c,pressure,1007.6
2024-03-03T00:32:00.000Z,zone-c,humidity,67.5
2024-03-03T01:35:00.000Z,zone-b,temperature,15.3
2024-03-03T01:54:00.000Z,zone-c,light,653.5
2024-03-03T06:31:00.000Z,zone-b,light,715.8
2024-03-03T08:22:00.000Z,zone-d,humidity,70.7
2024-03-03T08:32:00.000Z,zone-a,humidity,36.8
2024-03-03T09:28:00.000Z,zone-a,light,597.8
2024-03-03T11:20:00.000Z,zone-b,humidity,61.5
2024-03-03T16:13:00.000Z,zone-a,temperature,33.3
2024-03-03T16:37:00.000Z,zone-d,temperature,21.7
2024-03-03T20:33:00.000Z,zone-a,temperature,31.1
2024-03-03T20:56:00.000Z,zone-d,pressure,1011.6
2024-03-03T21:27:00.000Z,zone-c,temperature,29.3
2024-03-04T01:08:00.000Z,zone-b,pressure,1010
2024-03-04T03:06:00.000Z,zone-d,temperature,20.1
2024-03-04T03:41:00.000Z,zone-c,pressure,1004.6
2024-03-04T07:03:00.000Z,zone-d,humidity,64.8
2024-03-04T09:41:00.000Z,zone-a,light,250.9
2024-03-04T10:28:00.000Z,zone-d,light,723.6
2024-03-04T10:30:00.000Z,zone-a,humidity,50.8
2024-03-04T12:50:00.000Z,zone-b,light,378.1
2024-03-04T15:43:00.000Z,zone-c,humidity,61.3
2024-03-04T15:48:00.000Z,zone-b,temperature,34.9
2024-03-04T17:13:00.000Z,zone-b,humidity,65.3
2024-03-04T17:39:00.000Z,zone-c,light,807.5
2024-03-04T17:46:00.000Z,zone-a,pressure,1003.2
2024-03-04T22:39:00.000Z,zone-c,temperature,20.3
2024-03-05T01:04:00.000Z,zone-a,light,711.1
2024-03-05T02:11:00.000Z,zone-a,pressure,990.9
2024-03-05T03:28:00.000Z,zone-b,temperature,26.8
2024-03-05T03:55:00.000Z,zone-c,light,524.7
2024-03-05T04:06:00.000Z,zone-b,light,689.9
2024-03-05T04:21:00.000Z,zone-b,humidity,41.8
2024-03-05T08:04:00.000Z,zone-d,pressure,1012
2024-03-05T09:19:00.000Z,zone-d,humidity,66.4
2024-03-05T10:11:00.000Z,zone-b,pressure,1018.1
2024-03-05T11:20:00.000Z,zone-d,light,151.4
2024-03-05T13:11:00.000Z,zone-c,pressure,998.3
2024-03-05T14:47:00.000Z,zone-a,humidity,31.8
2024-03-05T14:59:00.000Z,zone-c,humidity,66.3
2024-03-05T15:14:00.000Z,zone-a,temperature,26.8
2024-03-05T15:43:00.000Z,zone-d,temperature,16.9
2024-03-05T20:15:00.000Z,zone-a,humidity,36.5
2024-03-05T20:58:00.000Z,zone-c,humidity,43.5
2024-03-05T22:37:00.000Z,zone-b,humidity,69.2
2024-03-05T23:44:00.000Z,zone-b,light,425.4
2024-03-06T04:23:00.000Z,zone-c,pressure,1015.8
2024-03-06T05:23:00.000Z,zone-d,temperature,16.5
2024-03-06T06:50:00.000Z,zone-d,light,655.7
2024-03-06T07:55:00.000Z,zone-c,light,116.9
2024-03-06T09:14:00.000Z,zone-c,temperature,27
2024-03-06T10:05:00.000Z,zone-a,pressure,1008.9
2024-03-06T10:18:00.000Z,zone-d,pressure,990.7
2024-03-06T11:15:00.000Z,zone-b,temperature,21.4
2024-03-06T14:40:00.000Z,zone-d,humidity,46.4
2024-03-06T15:12:00.000Z,zone-b,pressure,995.4
2024-03-06T15:57:00.000Z,zone-a,light,612.1
2024-03-06T16:10:00.000Z,zone-a,temperature,19.1
2024-03-06T18:33:00.000Z,zone-d,pressure,996.5
2024-03-06T19:25:00.000Z,zone-a,temperature,34.4
2024-03-06T19:48:00.000Z,zone-a,light,537.8
2024-03-06T23:18:00.000Z,zone-c,pressure,1001
2024-03-06T23:47:00.000Z,zone-b,temperature,17.3
2024-03-07T00:05:00.000Z,zone-d,temperature,26.4
2024-03-07T05:09:00.000Z,zone-d,humidity,62.5
2024-03-07T07:41:00.000Z,zone-c,humidity,35.3
2024-03-07T08:21:00.000Z,zone-d,light,470.9
2024-03-07T10:25:00.000Z,zone-b,humidity,31
2024-03-07T11:04:00.000Z,zone-c,light,401.3
2024-03-07T11:13:00.000Z,zone-b,pressure,1000.6
2024-03-07T15:47:00.000Z,zone-a,pressure,1008.1
2024-03-07T16:17:00.000Z,zone-a,humidity,70.4
2024-03-07T17:19:00.000Z,zone-b,light,511.3
2024-03-07T17:19:00.000Z,zone-c,temperature,21.6
2024-03-07T19:52:00.000Z,zone-c,humidity,56.4
2024-03-07T20:41:00.000Z,zone-a,pressure,990.7
2024-03-07T21:31:00.000Z,zone-a,temperature,17.8
2024-03-07T22:11:00.000Z,zone-d,temperature,25.7
2024-03-08T00:26:00.000Z,zone-a,light,617.9
2024-03-08T03:12:00.000Z,zone-a,humidity,76
2024-03-08T03:32:00.000Z,zone-d,pressure,1015.3
2024-03-08T04:16:00.000Z,zone-c,temperature,31.7
2024-03-08T04:47:00.000Z,zone-d,light,294.7
2024-03-08T06:32:00.000Z,zone-b,humidity,45.5
2024-03-08T09:40:00.000Z,zone-c,pressure,993.7
2024-03-08T09:48:00.000Z,zone-b,temperature,22.6
2024-03-08T13:25:00.000Z,zone-d,humidity,57.7
2024-03-08T13:51:00.000Z,zone-c,light,164.4
2024-03-08T15:49:00.000Z,zone-b,light,624.5
2024-03-08T17:18:00.000Z,zone-b,pressure,993.3
2024-03-08T19:24:00.000Z,zone-d,temperature,16.1
2024-03-08T20:01:00.000Z,zone-b,temperature,32.8
2024-03-08T23:17:00.000Z,zone-d,pressure,1019.3
2024-03-09T00:05:00.000Z,zone-a,pressure,1000.8
2024-03-09T02:36:00.000Z,zone-c,humidity,73.5
2024-03-09T02:44:00.000Z,zone-c,light,611.5
2024-03-09T02:49:00.000Z,zone-b,humidity,35.1
2024-03-09T05:49:00.000Z,zone-a,humidity,71.2
2024-03-09T06:16:00.000Z,zone-b,light,576.9
2024-03-09T08:13:00.000Z,zone-d,humidity,49.4
2024-03-09T09:55:00.000Z,zone-a,temperature,34.5
2024-03-09T14:34:00.000Z,zone-a,light,557.5
2024-03-09T15:15:00.000Z,zone-b,pressure,1019.5
2024-03-09T15:27:00.000Z,zone-d,light,230.3
2024-03-09T16:42:00.000Z,zone-c,pressure,1010.5
2024-03-09T16:54:00.000Z,zone-c,temperature,32.5
2024-03-09T20:08:00.000Z,zone-a,light,690.5
2024-03-09T20:23:00.000Z,zone-d,pressure,1008.4
2024-03-09T21:37:00.000Z,zone-c,humidity,63.3
2024-03-09T22:06:00.000Z,zone-a,pressure,1002.6
2024-03-09T23:10:00.000Z,zone-d,light,880.6
2024-03-10T00:44:00.000Z,zone-b,light,608.6
2024-03-10T01:58:00.000Z,zone-c,temperature,24.1
2024-03-10T02:26:00.000Z,zone-a,humidity,60.9
2024-03-10T02:49:00.000Z,zone-c,pressure,1019.8
2024-03-10T02:54:00.000Z,zone-c,light,450
2024-03-10T06:06:00.000Z,zone-b,pressure,995.8
2024-03-10T06:58:00.000Z,zone-b,temperature,30.3
2024-03-10T07:35:00.000Z,zone-d,temperature,26.8
2024-03-10T08:26:00.000Z,zone-a,temperature,22
2024-03-10T10:49:00.000Z,zone-d,humidity,33
2024-03-10T15:00:00.000Z,zone-b,humidity,30.1
2024-03-10T18:47:00.000Z,zone-b,pressure,1000.7
2024-03-10T19:39:00.000Z,zone-d,light,511.3
2024-03-10T21:13:00.000Z,zone-c,light,754.1
2024-03-10T22:30:00.000Z,zone-b,humidity,63.3
2024-03-10T23:52:00.000Z,zone-a,humidity,34.8
2024-03-11T02:05:00.000Z,zone-d,pressure,998.8
2024-03-11T07:17:00.000Z,zone-d,temperature,17
2024-03-11T08:15:00.000Z,zone-c,temperature,27.5
2024-03-11T08:24:00.000Z,zone-a,light,595.6
2024-03-11T08:34:00.000Z,zone-c,humidity,65.4
2024-03-11T09:27:00.000Z,zone-c,pressure,1008
2024-03-11T09:37:00.000Z,zone-d,humidity,32.4
2024-03-11T12:13:00.000Z,zone-b,light,623.9
2024-03-11T13:31:00.000Z,zone-a,pressure,1003.7
2024-03-11T14:08:00.000Z,zone-b,temperature,26.1
2024-03-11T15:46:00.000Z,zone-a,temperature,25.6
2024-03-11T19:58:00.000Z,zone-c,light,426.8
2024-03-11T20:29:00.000Z,zone-c,pressure,1015.1
2024-03-12T00:43:00.000Z,zone-b,pressure,991.4
2024-03-12T02:25:00.000Z,zone-c,humidity,78.7
2024-03-12T04:43:00.000Z,zone-b,temperature,18.6
2024-03-12T05:31:00.000Z,zone-d,light,369.2
2024-03-12T05:55:00.000Z,zone-a,pressure,998.4
2024-03-12T06:20:00.000Z,zone-a,humidity,39.5
2024-03-12T07:04:00.000Z,zone-a,temperature,15.4
2024-03-12T07:07:00.000Z,zone-b,light,318.3
2024-03-12T07:12:00.000Z,zone-d,temperature,23.1
2024-03-12T11:35:00.000Z,zone-b,humidity,50.6
2024-03-12T12:46:00.000Z,zone-a,light,833.1
2024-03-12T16:06:00.000Z,zone-c,temperature,23.4
2024-03-12T16:33:00.000Z,zone-d,pressure,1001.3
2024-03-12T17:17:00.000Z,zone-d,humidity,55.9
2024-03-12T19:31:00.000Z,zone-b,temperature,26.1
2024-03-12T20:00:00.000Z,zone-a,humidity,63.4
2024-03-12T21:50:00.000Z,zone-a,temperature,30.7
2024-03-12T22:19:00.000Z,zone-c,humidity,30.8
2024-03-12T23:27:00.000Z,zone-b,pressure,1015.2
2024-03-13T01:04:00.000Z,zone-d,light,733.3
2024-03-13T01:19:00.000Z,zone-d,temperature,17.9
2024-03-13T04:33:00.000Z,zone-c,light,556.4
2024-03-13T04:49:00.000Z,zone-c,pressure,1018
2024-03-13T06:34:00.000Z,zone-a,light,128.9
2024-03-13T08:08:00.000Z,zone-b,light,373.4
2024-03-13T08:21:00.000Z,zone-b,humidity,56.7
2024-03-13T11:43:00.000Z,zone-d,pressure,999.9
2024-03-13T13:23:00.000Z,zone-c,temperature,28.6
2024-03-13T14:55:00.000Z,zone-a,pressure,1018.4
2024-03-13T16:23:00.000Z,zone-d,humidity,57
2024-03-13T18:51:00.000Z,zone-b,pressure,996.1
2024-03-13T19:16:00.000Z,zone-a,humidity,62.4
2024-03-13T20:13:00.000Z,zone-d,temperature,30.1
2024-03-13T22:17:00.000Z,zone-c,humidity,53.3
2024-03-13T23:57:00.000Z,zone-d,humidity,44.6
2024-03-14T03:20:00.000Z,zone-d,light,219.8
2024-03-14T03:46:00.000Z,zone-a,temperature,25.4
2024-03-14T06:02:00.000Z,zone-b,humidity,45.5
2024-03-14T08:17:00.000Z,zone-b,light,152.1
2024-03-14T09:16:00.000Z,zone-c,temperature,29.8
2024-03-14T12:18:00.000Z,zone-c,pressure,1014.8
2024-03-14T14:44:00.000Z,zone-a,light,699.5
2024-03-14T16:59:00.000Z,zone-a,pressure,1003.9
2024-03-14T17:27:00.000Z,zone-b,temperature,32.9
2024-03-14T17:30:00.000Z,zone-c,light,279.3
2024-03-14T17:59:00.000Z,zone-d,pressure,999.2
2024-03-14T21:29:00.000Z,zone-b,humidity,79.7
2024-03-14T22:38:00.000Z,zone-a,humidity,65.7
2024-03-15T01:14:00.000Z,zone-d,light,546.7
2024-03-15T01:56:00.000Z,zone-d,temperature,16.8
2024-03-15T03:00:00.000Z,zone-c,humidity,41.1
2024-03-15T03:33:00.000Z,zone-b,pressure,991.1
2024-03-15T05:47:00.000Z,zone-b,light,408.8
2024-03-15T07:03:00.000Z,zone-d,pressure,1002.7
2024-03-15T07:25:00.000Z,zone-a,pressure,1002.4
2024-03-15T08:46:00.000Z,zone-b,temperature,17.1
2024-03-15T08:52:00.000Z,zone-a,temperature,28.7
2024-03-15T09:27:00.000Z,zone-c,pressure,1010.3
2024-03-15T10:03:00.000Z,zone-c,temperature,31.2
2024-03-15T12:50:00.000Z,zone-a,light,679.3
2024-03-15T15:26:00.000Z,zone-c,light,485.8
2024-03-15T16:58:00.000Z,zone-d,humidity,79
2024-03-15T18:48:00.000Z,zone-a,light,794
2024-03-15T20:09:00.000Z,zone-b,humidity,45.5
2024-03-15T20:42:00.000Z,zone-d,light,542.5
2024-03-15T21:48:00.000Z,zone-b,temperature,28.2
2024-03-15T21:56:00.000Z,zone-a,pressure,1016.2
2024-03-15T23:01:00.000Z,zone-d,temperature,26.8
2024-03-16T00:03:00.000Z,zone-a,temperature,27.1
2024-03-16T03:25:00.000Z,zone-b,pressure,999.2
2024-03-16T03:26:00.000Z,zone-c,temperature,19.3
2024-03-16T05:04:00.000Z,zone-d,pressure,999.2
2024-03-16T05:06:00.000Z,zone-b,light,888.5
2024-03-16T06:37:00.000Z,zone-c,light,151.6
2024-03-16T07:21:00.000Z,zone-d,humidity,37
2024-03-16T11:33:00.000Z,zone-a,humidity,43.8
2024-03-16T13:50:00.000Z,zone-c,pressure,999.7
2024-03-16T13:58:00.000Z,zone-c,humidity,53.4
2024-03-16T20:21:00.000Z,zone-d,humidity,32.8
2024-03-17T00:15:00.000Z,zone-d,light,348.5
2024-03-17T00:57:00.000Z,zone-d,pressure,1012.3
2024-03-17T02:06:00.000Z,zone-a,light,476.1
2024-03-17T03:07:00.000Z,zone-a,pressure,995.4
2024-03-17T03:20:00.000Z,zone-b,pressure,1018.8
2024-03-17T04:49:00.000Z,zone-a,humidity,43.2
2024-03-17T06:13:00.000Z,zone-d,temperature,25
2024-03-17T07:54:00.000Z,zone-c,temperature,28.8
2024-03-17T08:20:00.000Z,zone-c,humidity,72.4
2024-03-17T09:55:00.000Z,zone-a,temperature,15.7
2024-03-17T10:14:00.000Z,zone-b,temperature,15.3
2024-03-17T11:48:00.000Z,zone-c,light,524.3
2024-03-17T12:48:00.000Z,zone-b,light,852.5
2024-03-17T15:21:00.000Z,zone-b,humidity,30.6
2024-03-17T15:52:00.000Z,zone-c,pressure,1009.3
2024-03-17T19:28:00.000Z,zone-b,humidity,30.7
2024-03-17T19:38:00.000Z,zone-c,pressure,1019.1
2024-03-17T20:00:00.000Z,zone-c,temperature,21.3
2024-03-17T21:49:00.000Z,zone-b,temperature,27.5
2024-03-18T00:27:00.000Z,zone-a,pressure,1017.1
2024-03-18T00:58:00.000Z,zone-b,pressure,1014.2
2024-03-18T01:18:00.000Z,zone-d,temperature,23
2024-03-18T02:23:00.000Z,zone-a,temperature,21.2
2024-03-18T02:38:00.000Z,zone-d,humidity,35.1
2024-03-18T06:14:00.000Z,zone-b,light,548.2
2024-03-18T06:25:00.000Z,zone-a,humidity,57.8
2024-03-18T06:27:00.000Z,zone-d,pressure,1019.1
2024-03-18T07:55:00.000Z,zone-c,humidity,39.1
2024-03-18T10:24:00.000Z,zone-d,light,323.3
2024-03-18T14:57:00.000Z,zone-a,light,701.1
2024-03-18T17:55:00.000Z,zone-c,light,430.9
2024-03-18T18:39:00.000Z,zone-d,temperature,20.9
2024-03-18T20:53:00.000Z,zone-a,temperature,33.6
2024-03-18T22:50:00.000Z,zone-d,humidity,64.4
2024-03-18T22:56:00.000Z,zone-c,temperature,24.7
2024-03-19T00:09:00.000Z,zone-d,pressure,993.4
2024-03-19T02:29:00.000Z,zone-c,pressure,1015.7
2024-03-19T03:12:00.000Z,zone-d,light,673.6
2024-03-19T03:27:00.000Z,zone-c,humidity,40.4
2024-03-19T03:38:00.000Z,zone-b,temperature,15.4
2024-03-19T05:00:00.000Z,zone-a,pressure,1017.4
2024-03-19T05:11:00.000Z,zone-a,light,588.1
2024-03-19T06:15:00.000Z,zone-a,humidity,44.2
2024-03-19T08:31:00.000Z,zone-b,humidity,40.4
2024-03-19T10:37:00.000Z,zone-b,light,768.7
2024-03-19T10:45:00.000Z,zone-b,pressure,1003
2024-03-19T17:49:00.000Z,zone-c,light,151.4
2024-03-19T18:31:00.000Z,zone-a,temperature,18.8
2024-03-19T18:47:00.000Z,zone-c,light,132.1
2024-03-20T01:00:00.000Z,zone-d,temperature,18.7
2024-03-20T03:42:00.000Z,zone-b,humidity,71.5
2024-03-20T04:07:00.000Z,zone-a,pressure,1001.4
2024-03-20T04:42:00.000Z,zone-d,light,180.4
2024-03-20T05:04:00.000Z,zone-b,pressure,1014.5
2024-03-20T05:48:00.000Z,zone-d,humidity,39.9
2024-03-20T05:53:00.000Z,zone-b,temperature,23.4
2024-03-20T06:44:00.000Z,zone-c,humidity,32.2
2024-03-20T09:13:00.000Z,zone-c,pressure,1015.5
2024-03-20T11:04:00.000Z,zone-c,temperature,24.9
2024-03-20T11:48:00.000Z,zone-b,light,333.5
2024-03-20T13:29:00.000Z,zone-a,humidity,37.5
2024-03-20T14:58:00.000Z,zone-d,pressure,1012.4
2024-03-20T17:44:00.000Z,zone-a,light,361.9
2024-03-20T20:27:00.000Z,zone-d,humidity,65.9
2024-03-20T21:42:00.000Z,zone-d,temperature,15.8
2024-03-20T23:31:00.000Z,zone-b,temperature,18.6
2024-03-21T00:23:00.000Z,zone-a,light,198.4
2024-03-21T01:29:00.000Z,zone-c,pressure,994.3
2024-03-21T02:23:00.000Z,zone-b,humidity,59.8
2024-03-21T02:40:00.000Z,zone-c,temperature,25.3
2024-03-21T02:58:00.000Z,zone-d,pressure,1009.8
2024-03-21T06:32:00.000Z,zone-c,humidity,39.7
2024-03-21T08:14:00.000Z,zone-a,humidity,40.3
2024-03-21T12:21:00.000Z,zone-a,pressure,1007.6
2024-03-21T13:30:00.000Z,zone-d,light,118.3
2024-03-21T14:42:00.000Z,zone-b,light,319.3
2024-03-21T16:10:00.000Z,zone-c,light,812.7
2024-03-21T16:40:00.000Z,zone-a,temperature,16.9
2024-03-21T17:42:00.000Z,zone-b,pressure,990.2
2024-03-21T21:23:00.000Z,zone-d,humidity,78.2
2024-03-21T23:09:00.000Z,zone-b,pressure,1012.6
2024-03-21T23:48:00.000Z,zone-d,pressure,1018.7
2024-03-22T01:14:00.000Z,zone-a,light,576.4
2024-03-22T04:03:00.000Z,zone-b,humidity,49.3
2024-03-22T05:44:00.000Z,zone-c,humidity,54.6
2024-03-22T06:30:00.000Z,zone-b,temperature,19.8
2024-03-22T08:46:00.000Z,zone-a,temperature,25.4
2024-03-22T09:05:00.000Z,zone-d,temperature,26.6
2024-03-22T10:52:00.000Z,zone-c,temperature,21.8
2024-03-22T11:07:00.000Z,zone-b,light,827.5
2024-03-22T11:07:00.000Z,zone-c,light,343.2
2024-03-22T12:09:00.000Z,zone-d,light,640.8
2024-03-22T13:10:00.000Z,zone-c,pressure,1001.2
2024-03-22T13:23:00.000Z,zone-a,pressure,990.4
2024-03-22T15:29:00.000Z,zone-a,humidity,53
2024-03-22T19:09:00.000Z,zone-a,humidity,69.2
2024-03-22T19:13:00.000Z,zone-b,light,131.1
2024-03-22T21:30:00.000Z,zone-c,light,145.2
2024-03-22T21:55:00.000Z,zone-d,light,254.6
2024-03-22T22:31:00.000Z,zone-d,pressure,1019.9
2024-03-23T01:02:00.000Z,zone-d,humidity,41.3
2024-03-23T02:37:00.000Z,zone-c,temperature,16.7
2024-03-23T02:47:00.000Z,zone-b,pressure,993.3
2024-03-23T05:14:00.000Z,zone-b,temperature,28.8
2024-03-23T06:19:00.000Z,zone-d,temperature,20.5
2024-03-23T10:24:00.000Z,zone-b,humidity,78.4
2024-03-23T12:42:00.000Z,zone-a,pressure,990.4
2024-03-23T15:32:00.000Z,zone-c,pressure,1013.2
2024-03-23T15:44:00.000Z,zone-c,humidity,41.2
2024-03-23T18:02:00.000Z,zone-a,temperature,25.1
2024-03-23T18:02:00.000Z,zone-a,light,373.9
2024-03-23T19:54:00.000Z,zone-b,humidity,75.7
2024-03-23T20:53:00.000Z,zone-a,humidity,56.1
2024-03-24T00:38:00.000Z,zone-b,pressure,1000.8
2024-03-24T02:16:00.000Z,zone-d,pressure,1007.6
2024-03-24T03:00:00.000Z,zone-b,temperature,22
2024-03-24T03:32:00.000Z,zone-a,light,112.3
2024-03-24T09:04:00.000Z,zone-a,temperature,21
2024-03-24T09:58:00.000Z,zone-d,temperature,17.9
2024-03-24T10:13:00.000Z,zone-c,temperature,27.2
2024-03-24T12:43:00.000Z,zone-c,light,207.9
2024-03-24T13:24:00.000Z,zone-a,pressure,1002.9
2024-03-24T13:44:00.000Z,zone-c,pressure,1007.5
2024-03-24T14:23:00.000Z,zone-d,light,498.7
2024-03-24T14:42:00.000Z,zone-c,humidity,33.4
2024-03-24T16:11:00.000Z,zone-d,humidity,77.3
2024-03-24T16:46:00.000Z,zone-b,light,773.3
2024-03-24T20:12:00.000Z,zone-b,pressure,1004.7
2024-03-24T20:17:00.000Z,zone-b,temperature,15.7
2024-03-24T21:01:00.000Z,zone-d,temperature,22.9
2024-03-24T21:10:00.000Z,zone-a,light,783.9
2024-03-24T22:00:00.000Z,zone-d,light,470
2024-03-24T22:52:00.000Z,zone-a,temperature,23.5
2024-03-25T01:22:00.000Z,zone-a,pressure,994.6
2024-03-25T02:16:00.000Z,zone-b,humidity,42.8
2024-03-25T02:17:00.000Z,zone-c,light,660.9
2024-03-25T02:51:00.000Z,zone-c,temperature,24.6
2024-03-25T05:34:00.000Z,zone-b,light,301.7
2024-03-25T05:58:00.000Z,zone-d,humidity,57.7
2024-03-25T07:12:00.000Z,zone-d,pressure,1002.7
2024-03-25T09:06:00.000Z,zone-c,pressure,1000.5
2024-03-25T12:37:00.000Z,zone-a,humidity,43.9
2024-03-25T17:43:00.000Z,zone-c,humidity,49.6
2024-03-25T20:02:00.000Z,zone-d,light,175.1
2024-03-25T20:34:00.000Z,zone-c,humidity,75.9
2024-03-25T21:19:00.000Z,zone-c,light,160.6
2024-03-25T22:14:00.000Z,zone-b,light,407.3
2024-03-25T23:08:00.000Z,zone-d,temperature,24
2024-03-25T23:44:00.000Z,zone-d,humidity,78
2024-03-26T02:46:00.000Z,zone-b,humidity,62.3
2024-03-26T04:51:00.000Z,zone-b,pressure,992.2
2024-03-26T05:40:00.000Z,zone-a,pressure,996.3
2024-03-26T07:45:00.000Z,zone-c,pressure,1017
2024-03-26T10:46:00.000Z,zone-d,pressure,993.2
2024-03-26T13:06:00.000Z,zone-a,temperature,28.3
2024-03-26T13:21:00.000Z,zone-c,temperature,34.1
2024-03-26T15:28:00.000Z,zone-a,light,807.3
2024-03-26T15:56:00.000Z,zone-b,temperature,22
2024-03-26T18:01:00.000Z,zone-a,humidity,74
2024-03-26T20:17:00.000Z,zone-c,humidity,63.4
2024-03-26T20:53:00.000Z,zone-c,temperature,31.9
2024-03-26T22:03:00.000Z,zone-a,humidity,32.3
2024-03-26T23:23:00.000Z,zone-d,humidity,40.4
2024-03-27T00:19:00.000Z,zone-a,light,589.2
2024-03-27T02:12:00.000Z,zone-d,temperature,20
2024-03-27T03:03:00.000Z,zone-c,light,499.6
2024-03-27T05:07:00.000Z,zone-d,pressure,1009
2024-03-27T07:33:00.000Z,zone-a,pressure,1004.9
2024-03-27T07:48:00.000Z,zone-b,humidity,78
2024-03-27T08:04:00.000Z,zone-b,light,814.4
2024-03-27T08:15:00.000Z,zone-a,temperature,29.3
2024-03-27T08:27:00.000Z,zone-b,pressure,1015.4
2024-03-27T09:13:00.000Z,zone-d,light,121.8
2024-03-27T09:39:00.000Z,zone-c,pressure,1004.8
2024-03-27T14:34:00.000Z,zone-b,temperature,17.4
2024-03-27T19:57:00.000Z,zone-c,humidity,77.9
2024-03-27T20:06:00.000Z,zone-a,pressure,1006.5
2024-03-27T23:04:00.000Z,zone-d,humidity,46.6
2024-03-27T23:30:00.000Z,zone-b,pressure,994.4
2024-03-28T01:42:00.000Z,zone-c,temperature,22.8
2024-03-28T02:01:00.000Z,zone-b,temperature,21.5
2024-03-28T06:22:00.000Z,zone-a,humidity,63
2024-03-28T06:38:00.000Z,zone-c,light,552.1
2024-03-28T06:44:00.000Z,zone-b,humidity,68.9
2024-03-28T07:28:00.000Z,zone-a,light,436.6
2024-03-28T07:47:00.000Z,zone-d,light,892.1
2024-03-28T08:17:00.000Z,zone-c,pressure,1007.5
2024-03-28T09:34:00.000Z,zone-a,temperature,32.9
2024-03-28T11:54:00.000Z,zone-d,pressure,1017.1
2024-03-28T13:13:00.000Z,zone-b,light,556.5
2024-03-28T16:19:00.000Z,zone-d,temperature,20.7
2024-03-28T20:45:00.000Z,zone-c,pressure,1013.2
2024-03-28T20:48:00.000Z,zone-a,humidity,34.5
2024-03-28T21:55:00.000Z,zone-b,light,275.9
2024-03-28T22:19:00.000Z,zone-b,temperature,22.5
2024-03-28T22:32:00.000Z,zone-d,pressure,1004.3
2024-03-29T02:50:00.000Z,zone-a,temperature,24.8
2024-03-29T04:21:00.000Z,zone-d,temperature,26.8
2024-03-29T04:28:00.000Z,zone-d,humidity,52.8
2024-03-29T05:56:00.000Z,zone-a,light,800.1
2024-03-29T08:47:00.000Z,zone-b,humidity,41.7
2024-03-29T09:03:00.000Z,zone-c,light,442.2
2024-03-29T10:01:00.000Z,zone-c,temperature,30.2
2024-03-29T11:20:00.000Z,zone-b,pressure,1000
2024-03-29T11:36:00.000Z,zone-d,light,370
2024-03-29T12:33:00.000Z,zone-a,pressure,1016.5
2024-03-29T16:36:00.000Z,zone-c,humidity,52.3
2024-03-29T19:47:00.000Z,zone-b,humidity,44
2024-03-29T20:02:00.000Z,zone-a,light,890.3
2024-03-29T20:23:00.000Z,zone-c,temperature,24
2024-03-29T21:59:00.000Z,zone-d,humidity,71.2
2024-03-30T00:01:00.000Z,zone-a,temperature,22.7
2024-03-30T00:37:00.000Z,zone-a,pressure,1019.9
2024-03-30T00:57:00.000Z,zone-d,pressure,1002.5
2024-03-30T04:13:00.000Z,zone-b,light,795.1
2024-03-30T04:36:00.000Z,zone-d,temperature,18.2
2024-03-30T05:14:00.000Z,zone-b,temperature,26
2024-03-30T06:33:00.000Z,zone-c,humidity,77
2024-03-30T07:50:00.000Z,zone-a,humidity,63.1
2024-03-30T09:25:00.000Z,zone-c,light,341
2024-03-30T10:27:00.000Z,zone-d,light,831.3
2024-03-30T12:51:00.000Z,zone-c,pressure,1000.6
2024-03-30T18:16:00.000Z,zone-b,pressure,994.2