"invoice_id","supplier_name","category","invoice_date","status","amount_usd","comment"
"INV-520391"," Lumen Analytix"," Hardware","2024-07-24"," Rejected "," USD 4,371.76 ","vendor submitted via portal; cost center 105 "
"INV-360974"," Helios-Robotics "," Hardware "," 2024-02-25","On Hold"," $2,199.92 ","match to PO required; cost center 101 "
"INV-541749","Nova Packg.","Software "," 2024-09-25 ","Approved ","USD 7, 227.39 ","match to PO required; cost center 104"
"INV-400352","Helios-Robotics"," Software "," 2024-04-20 "," Approved","$3,088.25 "," three-way match complete; cost center 110"
"INV-602433","Zenith Comp."," Logistics"," 2024-08-11 "," Approved","$1,953.20 ","requires VAT documentation; cost center 113 "
"INV-422841","HeliosRobotics "," Facility","2024-07-23"," Approved","$2,344.53","match to PO required; cost center 115"
"INV-422841"," Helios Robotix "," Facility"," 2024-07-23 ","Approved"," $2,344.53"," duplicate submit; consolidate in close process "
"INV-549420"," Vertex Logistics "," Hardware","2024-01-27 "," Pending "," $2,752.01","price variance escalated; cost center 100"
"INV-805255"," Helios Robotics","Hardware","2024-09-24"," Approved","$7,635.47 "," three-way match complete; cost center 103 "
"INV-244527","Zenith Component ","Professional Services","2024-05-13","On Hold "," $3,190.56 "," three-way match complete; cost center 104"
"INV-477932"," Zenith Comp."," Software ","2024-02-28 "," Approved ","$5,301.49","three-way match complete; cost center 108 "
"INV-838080"," Vertex Log.","Cloud ","2024-03-12 ","Approved ","$1,752.54 ","match to PO required; cost center 104 "
"INV-318525"," LumenAnalytic"," Logistics ","2024-04-22 "," Rejected"," $1,084.26 "," price variance escalated; cost center 107 "
"INV-530180","Nova Packg.","Cloud","2024-03-31","Pending "," $4,905.27","three-way match complete; cost center 111"
"INV-530180"," Nova Packg.","Cloud ","2024-03-31 ","Pending ","$4,905.27"," duplicate submit; consolidate in close process "
"INV-551798"," NovaPack "," Logistics"," 2024-08-28","Approved"," $6,556.69","match to PO required; cost center 107 "
"INV-554376"," Astra Spp","Logistics"," 2024-07-29 "," Approved"," $3,756.43 ","vendor submitted via portal; cost center 101"
"INV-464721"," Vtx Logistics","Facility"," 2024-08-04","Approved","$4,528.85","price variance escalated; cost center 117"
"INV-464721"," Vertex-Logistics","Facility ","2024-08-04 ","Approved "," $4,528.85"," duplicate submit; consolidate in close process "
"INV-808260"," LumenAnalytic","Logistics ","2024-02-08","Approved "," $4,835.71 "," three-way match complete; cost center 106 "
"INV-611755","Astra Supplies","Hardware"," 2024-09-27 ","Approved ","USD 4, 845.58"," price variance escalated; cost center 116 "
"INV-683204","Nova Packg.","Cloud"," 2024-02-06"," Rejected "," $5,525.86 "," vendor submitted via portal; cost center 106"
"INV-196179","Astra-Supplies"," Logistics"," 2024-01-05 ","Approved ","USD 4, 462.57 "," price variance escalated; cost center 119"
"INV-776970","NovaPack ","Cloud ","2024-04-23 ","Rejected","$8,881.16 "," match to PO required; cost center 102 "
"INV-372687","Vtx Logistics "," Software"," 2024-06-04"," Approved"," USD 9,959.98"," requires VAT documentation; cost center 111"
"INV-345607"," Vertex-Logistics ","Facility","2024-09-22 "," Approved"," $1,256.67 ","match to PO required; cost center 101 "
"INV-628227"," Zenith-Components"," Professional Services ","2024-04-21 ","Approved"," $4,262.43 "," vendor submitted via portal; cost center 101"
"INV-909669","Astra Supplies ","Logistics ","2024-02-06 ","Approved"," USD 4, 930.99","vendor submitted via portal; cost center 110"
"INV-910511","Vertex-Logistics","Hardware"," 2024-07-17 "," Rejected","$3,190.92 "," price variance escalated; cost center 115"
"INV-910511"," Vertex Log.","Hardware"," 2024-07-17"," Rejected ","$3,190.92"," duplicate submit; consolidate in close process"
"INV-531556","LumenAnalytic"," Facility ","2024-01-08"," Approved ","USD 1, 364.86","match to PO required; cost center 109 "
"INV-671516","Nova Packaging "," Cloud ","2024-07-07 ","Pending "," $7,374.15","match to PO required; cost center 107 "
"INV-876791","Vertex Logistics"," Professional Services","2024-08-11 ","Pending "," USD 7,684.07 "," match to PO required; cost center 115 "
"INV-997494"," HeliosRobotics"," Software ","2024-08-06"," Approved","$4,056.10 "," three-way match complete; cost center 119"
"INV-101470","LumenAnalytic ","Hardware"," 2024-03-18"," Approved "," USD 7,020.68"," match to PO required; cost center 106"
"INV-207001"," HELIOS ROBOTICS ","Facility"," 2024-06-21","Approved"," $9,295.56 ","pending shipping confirmation; cost center 101"
"INV-773206","Nova Packaging","Facility"," 2024-03-19"," On Hold ","$671.73 "," pending shipping confirmation; cost center 110"
"INV-149054","Astra Spp","Logistics "," 2024-08-20","Approved "," $9,118.09","vendor submitted via portal; cost center 111 "
"INV-797715"," Astra-Supplies"," Cloud"," 2024-08-01"," Approved "," $5,329.29"," requires VAT documentation; cost center 101"
"INV-524348","Zenith Comp."," Software ","2024-02-11"," On Hold","$931.55","requires VAT documentation; cost center 113"
"INV-311339"," Helios Robotix","Hardware ","2024-08-01"," Approved "," $8,657.92 ","match to PO required; cost center 106 "
"INV-186855"," Zenith Comp."," Facility","2024-09-23"," Approved ","$8,174.23 ","vendor submitted via portal; cost center 115"
"INV-758580"," Vertex Logistics ","Cloud ","2024-02-21","Rejected"," $6,317.36","vendor submitted via portal; cost center 109 "
"INV-758580"," VertexLogistics"," Cloud","2024-02-21","Rejected"," $6,317.36 "," duplicate submit; consolidate in close process"
"INV-230346"," Lumen Analytix","Hardware","2024-09-19 ","Approved","$2,961.40 "," match to PO required; cost center 111"
"INV-520838"," Helios Robotix "," Facility "," 2024-09-08","On Hold ","USD 6,837.05 "," match to PO required; cost center 104"
"INV-619908"," Nova Packaging"," Hardware ","2024-07-29 "," Pending"," $8,542.59","price variance escalated; cost center 116 "
"INV-619908","Nova-Packaging"," Hardware "," 2024-07-29"," Pending ","$8,542.59 "," duplicate submit; consolidate in close process"
"INV-726634"," HeliosRobotics","Logistics"," 2024-05-21 ","Rejected"," $9,867.22"," three-way match complete; cost center 104 "
"INV-180458"," Lumen Analytix"," Hardware"," 2024-04-02 "," Pending","$9,819.96 "," match to PO required; cost center 119"
"INV-584878"," Novapackaging "," Facility","2024-08-04","Approved "," USD 4, 229.54","three-way match complete; cost center 109 "
"INV-691934"," LumenAnalytic ","Logistics "," 2024-04-09 "," Rejected "," USD 6, 397.42","match to PO required; cost center 110 "
"INV-691934"," LumenAnalytic"," Logistics ","2024-04-09 "," Rejected","USD 6, 397.42","duplicate submit; consolidate in close process"
"INV-101002"," Astra-Supplies","Software "," 2024-06-04 "," Rejected ","$5,849.79 "," pending shipping confirmation; cost center 113"
"INV-101002","Astra-Supplies","Software "," 2024-06-04"," Rejected","$5,849.79"," duplicate submit; consolidate in close process"
"INV-121853"," Zenith Comp.","Software "," 2024-01-17","Pending "," USD 1,147.02"," requires VAT documentation; cost center 111"
"INV-143184"," LumenAnalytics ","Software "," 2024-08-04","Pending ","USD 7, 359.58","three-way match complete; cost center 106"
"INV-130081","VertexLogistics "," Professional Services "," 2024-05-27","Approved","$5,337.72"," requires VAT documentation; cost center 115 "
"INV-395256","Lumen-Analytics "," Logistics","2024-01-17","Pending"," USD 1,309.94 ","match to PO required; cost center 102 "
"INV-812222","HELIOS ROBOTICS "," Hardware "," 2024-02-06 ","On Hold"," $6,486.46 ","three-way match complete; cost center 110"
"INV-482230","Helios Robotix"," Hardware"," 2024-08-24"," Pending"," $2,283.11"," vendor submitted via portal; cost center 107"
"INV-869682"," Helios Robotix","Hardware ","2024-09-04"," Approved "," $2,825.38 ","three-way match complete; cost center 108"
"INV-156014"," HeliosRobotics"," Software","2024-01-13"," Approved "," $4,906.99","pending shipping confirmation; cost center 109 "
"INV-375863","Vtx Logistics "," Facility"," 2024-07-18 "," Approved "," $8,417.29"," match to PO required; cost center 114"
"INV-372083"," Astra Supplies"," Hardware","2024-06-11 ","Approved"," USD 1, 668.32 "," match to PO required; cost center 114 "
"INV-298375","Helios-Robotics","Software ","2024-01-12"," Rejected","USD 1, 447.24 "," three-way match complete; cost center 118 "
"INV-908578","Nova-Packaging"," Hardware"," 2024-05-05"," Approved "," $4,820.79"," price variance escalated; cost center 109"
"INV-260182"," Lumen Analytics "," Hardware "," 2024-02-11"," Rejected "," USD 1,355.56 ","vendor submitted via portal; cost center 114"
"INV-260182","Lumen Analytics ","Hardware ","2024-02-11","Rejected"," USD 1,355.56"," duplicate submit; consolidate in close process "
"INV-602901","VertexLogistics","Software","2024-06-05 "," Pending","USD 7, 415.95"," price variance escalated; cost center 111"
"INV-256556","Zenith-Components "," Facility ","2024-03-25 ","Approved "," $1,421.51 ","vendor submitted via portal; cost center 112"
"INV-543754","Zenith-Components","Hardware"," 2024-05-06 ","Approved ","$2,000.76 ","price variance escalated; cost center 112 "
"INV-642234"," Astra Spp"," Logistics"," 2024-04-15","On Hold","$9,658.18 "," price variance escalated; cost center 118"
"INV-743968"," Helios Robotix","Logistics "," 2024-09-11"," Approved "," $2,445.93 ","price variance escalated; cost center 118"
"INV-700129","Nova Packg.","Facility","2024-04-01 "," Approved","$5,170.68 ","pending shipping confirmation; cost center 119"
"INV-296037"," VertexLogistics "," Software","2024-05-20","Pending","$2,720.29 "," price variance escalated; cost center 113 "
"INV-722010"," Helios Robotix "," Hardware"," 2024-01-02","Pending","USD 9, 194.39 ","requires VAT documentation; cost center 115"
"INV-514435","Zenith-Components ","Hardware"," 2024-01-04 "," Approved "," USD 7, 493.82 ","pending shipping confirmation; cost center 117"
"INV-514435"," ZenithComponents ","Hardware "," 2024-01-04"," Approved","USD 7, 493.82"," duplicate submit; consolidate in close process"
"INV-799226"," Helios Robotics ","Cloud "," 2024-07-19","Pending","$8,330.85","requires VAT documentation; cost center 118"
"INV-934787"," Lumen Analytics","Cloud "," 2024-08-11 "," Approved","USD 8, 363.39 "," requires VAT documentation; cost center 110"
"INV-136580"," Zenith Comp."," Facility ","2024-09-28","Approved"," $8,818.91","three-way match complete; cost center 118 "
"INV-335243","Lumen-Analytics ","Logistics","2024-01-21","Pending "," USD 550.45 "," three-way match complete; cost center 110 "
"INV-498465","Zenith Comp. "," Logistics","2024-01-30 ","Approved"," $3,973.54"," price variance escalated; cost center 106"
"INV-819181","Helios-Robotics ","Professional Services"," 2024-05-09 "," Pending"," USD 6, 351.92 ","three-way match complete; cost center 112"
"INV-875308"," Helios-Robotics"," Hardware ","2024-04-01"," Rejected ","$5,039.13 ","price variance escalated; cost center 107 "
"INV-687710","NovaPack "," Cloud"," 2024-02-01 ","On Hold "," $1,008.10","match to PO required; cost center 113 "
"INV-492015","ZenithComponents","Logistics "," 2024-04-11 "," Pending "," $2,219.69 ","three-way match complete; cost center 107 "
"INV-608387"," HeliosRobotics","Facility "," 2024-04-26"," Approved ","USD 9, 292.66","match to PO required; cost center 115 "
"INV-648934","Zenith Component "," Facility ","2024-08-23 ","On Hold","USD 6, 434.97 "," vendor submitted via portal; cost center 114"
"INV-771916"," Nova Packaging "," Hardware","2024-06-23","Rejected","$7,519.29 "," vendor submitted via portal; cost center 119 "
"INV-877060"," Helios Robotix"," Logistics","2024-03-20","Approved","$4,238.04"," vendor submitted via portal; cost center 104"
"INV-702047"," HeliosRobotics ","Facility"," 2024-09-01 "," Approved","$2,572.03"," three-way match complete; cost center 108 "
"INV-268982"," Astra Spp "," Software"," 2024-09-01"," On Hold","$4,330.12","requires VAT documentation; cost center 104 "
"INV-566370"," Astra Spp"," Software "," 2024-09-11"," Approved"," USD 3, 320.28 ","three-way match complete; cost center 112"
"INV-224358","LumenAnalytics"," Facility "," 2024-04-25 ","Pending "," $2,894.04 ","three-way match complete; cost center 103 "
"INV-619764"," Zenith-Components"," Professional Services "," 2024-07-16"," Pending ","$7,055.09","price variance escalated; cost center 101"
"INV-643782","Helios-Robotics ","Software","2024-06-06"," Approved "," $9,963.94","requires VAT documentation; cost center 104 "
"INV-779874","Nova-Packaging "," Cloud "," 2024-02-11","Approved","USD 4, 784.46","three-way match complete; cost center 109"
"INV-564250"," Nova-Packaging "," Hardware ","2024-01-31 ","Approved","$6,097.20 ","vendor submitted via portal; cost center 111 "
"INV-597562"," LumenAnalytic","Cloud"," 2024-09-17 "," Approved ","$1,317.47 "," match to PO required; cost center 103"
"INV-803169"," Astra Spp "," Cloud"," 2024-09-16","On Hold","$6,824.42"," price variance escalated; cost center 114 "
"INV-788611","Lumen Analytics"," Facility"," 2024-07-25","Approved"," $7,572.20 "," vendor submitted via portal; cost center 104 "
"INV-561292"," Astra-Supplies"," Facility"," 2024-08-02"," Pending ","$2,776.31 ","requires VAT documentation; cost center 109 "
"INV-396105","AstraSupply "," Hardware"," 2024-05-19","Approved "," USD 7, 558.47","price variance escalated; cost center 105 "
"INV-965010","Astra-Supplies"," Cloud ","2024-07-31 "," Rejected","USD 6,268.46"," price variance escalated; cost center 102"
"INV-293830"," VertexLogistics ","Software ","2024-08-18","Approved","USD 2, 378.81 "," vendor submitted via portal; cost center 117 "
"INV-219711","Lumen-Analytics","Software","2024-03-15 "," Approved "," $6,257.12 ","price variance escalated; cost center 116 "
"INV-920937"," Vertex Log."," Professional Services "," 2024-08-02 "," Approved "," $832.72 "," match to PO required; cost center 101 "
"INV-920937","Vertex Logistics"," Professional Services ","2024-08-02 "," Approved ","$832.72 ","duplicate submit; consolidate in close process "
"INV-627318","HELIOS ROBOTICS "," Professional Services"," 2024-08-10 ","On Hold","$8,664.88 "," vendor submitted via portal; cost center 118"
"INV-982871"," Nova Packaging"," Cloud"," 2024-03-24 "," Approved"," USD 7,632.75 "," match to PO required; cost center 112 "
"INV-214238","AstraSupply ","Hardware","2024-03-09","Pending"," $9,630.78 "," vendor submitted via portal; cost center 100"
"INV-242194","Nova-Packaging "," Hardware","2024-01-14 ","Approved ","USD 1,432.43","price variance escalated; cost center 105 "
"INV-916655","Lumen Analytix "," Software "," 2024-09-10 ","Pending "," $4,140.63"," pending shipping confirmation; cost center 115"
"INV-903585"," Nova-Packaging ","Facility","2024-05-04","Approved"," $6,288.47 ","three-way match complete; cost center 116"
"INV-399476","LumenAnalytic","Cloud","2024-02-16 ","Approved "," $6,826.15"," vendor submitted via portal; cost center 114"
"INV-694785"," Nova-Packaging"," Facility"," 2024-05-30 "," Rejected ","$4,178.28 "," vendor submitted via portal; cost center 119"
"INV-217789","Helios-Robotics"," Hardware","2024-03-11"," Approved","$881.03 "," three-way match complete; cost center 107"
"INV-847717"," Novapackaging"," Facility ","2024-03-30 "," Pending ","$6,813.48 "," price variance escalated; cost center 101 "
"INV-847717","Nova Packaging","Facility ","2024-03-30","Pending ","$6,813.48 "," duplicate submit; consolidate in close process"
"INV-646113","HELIOS ROBOTICS"," Logistics","2024-09-12","On Hold"," $4,581.48 ","price variance escalated; cost center 107 "
"INV-272978","AstraSupply"," Software"," 2024-04-08"," Approved "," $1,063.29","requires VAT documentation; cost center 105 "
"INV-910317","HELIOS ROBOTICS","Software"," 2024-07-02","Pending"," USD 4,120.54"," three-way match complete; cost center 113"
"INV-822635","Astra-Supplies "," Logistics","2024-06-29","Approved "," USD 6,919.80","requires VAT documentation; cost center 105 "
"INV-160904","Helios Robotics"," Facility ","2024-05-28"," Pending","USD 9, 157.70 ","price variance escalated; cost center 102"
"INV-160904","Helios Robotix ","Facility ","2024-05-28","Pending ","USD 9, 157.70","duplicate submit; consolidate in close process "
"INV-141791"," Novapackaging ","Cloud ","2024-05-16 "," Approved","$8,183.93 ","requires VAT documentation; cost center 116 "
"INV-597694"," Vertex Log. ","Professional Services "," 2024-05-30 "," On Hold"," $6,656.65","pending shipping confirmation; cost center 110 "
"INV-175003"," VertexLogistics"," Hardware"," 2024-09-28","Pending "," USD 4, 330.60 "," match to PO required; cost center 101"
"INV-250905","ZenithComponents ","Cloud","2024-09-06"," Approved ","$7,919.23"," requires VAT documentation; cost center 114"
"INV-254111","Helios-Robotics "," Hardware","2024-05-30","Approved","$6,069.80 ","requires VAT documentation; cost center 106"
"INV-905801","Zenith-Components "," Hardware","2024-03-31 "," Approved ","$6,855.64","pending shipping confirmation; cost center 102 "
"INV-304400","Lumen-Analytics "," Logistics","2024-03-06 ","Approved"," $8,276.50","match to PO required; cost center 110"
"INV-319288","Lumen-Analytics "," Software "," 2024-09-07"," Approved","USD 901.24 ","price variance escalated; cost center 107"
"INV-629750","Astra Spp "," Logistics "," 2024-01-30 "," Pending ","$1,749.72 "," three-way match complete; cost center 111"
"INV-746814"," Zenith Component ","Facility","2024-02-13 "," Approved "," USD 6, 379.00"," requires VAT documentation; cost center 105 "
"INV-746814","Zenith Components"," Facility "," 2024-02-13 "," Approved","USD 6, 379.00 "," duplicate submit; consolidate in close process "
"INV-782031"," Zenith-Components"," Software ","2024-07-30 "," Pending ","$5,409.04 ","three-way match complete; cost center 101 "
"INV-492305"," HELIOS ROBOTICS ","Facility "," 2024-03-28"," On Hold","$5,405.15"," requires VAT documentation; cost center 101"
"INV-717489","Astra Spp"," Facility"," 2024-01-24","Approved","USD 8,103.42","requires VAT documentation; cost center 113 "
"INV-995925","AstraSupply","Professional Services ","2024-04-30","Pending","$2,761.34 ","match to PO required; cost center 118"
"INV-537090","NovaPack ","Hardware ","2024-03-16 "," On Hold "," USD 8, 941.74 "," pending shipping confirmation; cost center 112"
"INV-624129"," Nova-Packaging"," Hardware "," 2024-09-10"," Approved "," $8,872.25","match to PO required; cost center 112"
"INV-902546"," Nova-Packaging","Facility "," 2024-02-15"," Approved","USD 5, 111.25 ","price variance escalated; cost center 100"
"INV-645541","Vertex-Logistics ","Software","2024-08-08"," Rejected","USD 4,983.52"," pending shipping confirmation; cost center 106 "
"INV-498527"," Helios Robotics ","Software ","2024-05-18 ","Approved","USD 3,727.65 "," price variance escalated; cost center 112"
"INV-497554"," Helios Robotix"," Logistics ","2024-01-01","Approved ","$7,660.27","requires VAT documentation; cost center 102"
"INV-587238","HELIOS ROBOTICS "," Logistics "," 2024-02-05"," On Hold","$2,655.53","pending shipping confirmation; cost center 103 "
"INV-240893","Helios Robotics"," Cloud","2024-08-26"," Pending","USD 6, 156.51 ","requires VAT documentation; cost center 105"
"INV-932408"," Astra suppl. "," Logistics ","2024-06-02"," Rejected "," USD 9, 749.99 ","requires VAT documentation; cost center 116"
"INV-217821","AstraSupply","Professional Services"," 2024-01-28 "," Pending "," $4,164.07 "," vendor submitted via portal; cost center 118"
"INV-885294","ZenithComponents "," Professional Services","2024-04-20 ","Approved"," USD 9, 421.92","three-way match complete; cost center 103"
"INV-237756"," Astra suppl."," Software ","2024-03-14","Approved","$1,238.74"," three-way match complete; cost center 105 "
"INV-138289"," Vertex-Logistics ","Professional Services","2024-05-23"," Approved"," USD 2, 044.47"," price variance escalated; cost center 101"
"INV-482604"," ZenithComponents","Professional Services","2024-06-08","Approved"," $6,225.26"," match to PO required; cost center 107 "
"INV-115235"," Astra Supplies ","Cloud"," 2024-04-28 ","Pending ","USD 9,762.93"," three-way match complete; cost center 115"
"INV-291090"," Astra Spp","Professional Services","2024-07-15 "," Pending"," $7,723.50","match to PO required; cost center 111"
"INV-722633"," VertexLogistics"," Hardware"," 2024-09-15"," Pending"," USD 7, 483.83 "," vendor submitted via portal; cost center 104 "
"INV-823153","Zenith Components ","Professional Services"," 2024-02-24"," Pending ","$3,625.55","vendor submitted via portal; cost center 114"
"INV-661312","Lumen-Analytics "," Professional Services","2024-01-31","Pending","$5,036.10 "," requires VAT documentation; cost center 103"
"INV-495427"," VertexLogistics "," Cloud "," 2024-08-31"," Pending "," USD 8, 113.28"," match to PO required; cost center 100 "
"INV-674385","Zenith Comp. ","Facility"," 2024-02-20 ","Pending","USD 2, 276.22 "," pending shipping confirmation; cost center 116"
"INV-517552","AstraSupply","Logistics ","2024-07-14","Approved ","$3,820.72 ","three-way match complete; cost center 103 "
"INV-622333","VertexLogistics ","Professional Services ","2024-08-12 ","Approved","$9,477.86 ","three-way match complete; cost center 105"
"INV-664606","NovaPack "," Logistics"," 2024-07-06 ","Approved "," USD 8, 902.36 ","match to PO required; cost center 114"
"INV-615809","Nova Packaging ","Hardware "," 2024-07-30 "," On Hold "," USD 4,420.00"," three-way match complete; cost center 112"
"INV-838950","Zenith Components "," Facility"," 2024-05-05","Approved "," USD 840.61 ","match to PO required; cost center 111 "
"INV-529844","Vertex Logistics"," Professional Services ","2024-04-20","Approved "," $4,949.16","match to PO required; cost center 100 "
"INV-960723","Novapackaging ","Logistics","2024-09-04","Pending"," $3,175.80","match to PO required; cost center 105"
"INV-915751"," Vertex Logistics ","Logistics","2024-08-06 "," Rejected "," USD 6, 445.57 "," vendor submitted via portal; cost center 100 "
"INV-392555"," HELIOS ROBOTICS ","Cloud"," 2024-04-21","Approved"," $3,526.66","pending shipping confirmation; cost center 102"
"INV-409025"," LumenAnalytic ","Professional Services ","2024-05-08 ","On Hold"," $2,273.95"," requires VAT documentation; cost center 119"
"INV-485700","Zenith-Components ","Hardware","2024-05-30 ","Approved"," USD 5, 774.91 "," requires VAT documentation; cost center 113"
"INV-652639","Novapackaging "," Logistics "," 2024-01-27","Approved"," $8,776.93 "," pending shipping confirmation; cost center 114"
"INV-274819"," Helios Robotics ","Logistics ","2024-08-23"," Approved"," USD 8, 725.24"," vendor submitted via portal; cost center 106"
"INV-897610"," Vertex Logistics ","Professional Services"," 2024-04-13 ","Rejected","$3,322.72"," price variance escalated; cost center 105"
"INV-591367"," AstraSupply ","Facility ","2024-06-21 ","Approved","USD 9,333.82 ","pending shipping confirmation; cost center 103"
"INV-181562","LumenAnalytics "," Facility","2024-08-21"," Approved "," USD 1, 090.48 "," match to PO required; cost center 105"
"INV-464935","Nova-Packaging"," Software","2024-04-26 "," On Hold","$9,310.25 ","match to PO required; cost center 112 "
"INV-332847"," Lumen Analytix","Software"," 2024-04-11 "," On Hold "," USD 5, 505.65","match to PO required; cost center 100"
"INV-748336","ZenithComponents "," Cloud"," 2024-08-26"," Pending"," $6,145.46"," price variance escalated; cost center 115"
"INV-295848"," Helios-Robotics","Logistics "," 2024-09-13","On Hold","$9,670.59","three-way match complete; cost center 100 "
"INV-870136","Nova-Packaging","Facility","2024-04-20 ","On Hold "," $9,080.96 ","three-way match complete; cost center 110 "
"INV-756964"," Nova Packaging"," Logistics","2024-09-01"," Approved","$7,899.79 "," pending shipping confirmation; cost center 101"
"INV-498661","Nova-Packaging ","Facility ","2024-06-06 ","Approved","$6,116.73"," pending shipping confirmation; cost center 115 "
"INV-553091","Helios Robotics"," Software","2024-06-17 "," Approved ","USD 9,474.96 ","vendor submitted via portal; cost center 108 "
"INV-719891","VertexLogistics"," Cloud "," 2024-06-24"," Approved "," $8,444.70"," requires VAT documentation; cost center 109"
"INV-709945"," Astra suppl.","Hardware ","2024-01-12 ","On Hold","$3,815.52","requires VAT documentation; cost center 105 "
"INV-379074","Astra suppl. "," Hardware","2024-07-22"," Pending","$721.98 ","requires VAT documentation; cost center 107"
"INV-638853","Astra Supplies ","Professional Services ","2024-02-15"," Approved "," $8,379.70"," three-way match complete; cost center 111 "
"INV-175578","Astra suppl.","Software"," 2024-08-14 "," Approved"," $741.52","requires VAT documentation; cost center 106"
"INV-735765"," Helios Robotix"," Logistics","2024-03-09 "," Pending ","$3,290.46 ","vendor submitted via portal; cost center 111"
"INV-136998","Astra suppl. "," Logistics"," 2024-04-19 ","Pending "," $1,915.56 ","match to PO required; cost center 117 "
"INV-776512"," Zenith Components "," Logistics "," 2024-07-09 ","Approved","$9,664.74 ","price variance escalated; cost center 115 "
"INV-284305"," Astra Spp ","Software ","2024-05-09 ","Pending ","USD 9, 362.94 ","price variance escalated; cost center 117 "
"INV-745839"," Nova Packaging"," Software"," 2024-06-14 ","Rejected "," $2,696.89"," requires VAT documentation; cost center 114 "
"INV-303594","HELIOS ROBOTICS "," Professional Services ","2024-08-25 "," On Hold","USD 6,281.95","match to PO required; cost center 113 "
"INV-979578","Lumen Analytics"," Logistics"," 2024-07-20"," Approved","$756.39 ","three-way match complete; cost center 111 "
"INV-721445"," VertexLogistics","Logistics "," 2024-09-18"," Approved","$7,076.29","pending shipping confirmation; cost center 104"
"INV-511786"," HeliosRobotics "," Cloud","2024-03-24 ","Pending "," USD 5,299.54","pending shipping confirmation; cost center 104 "
"INV-660981","HELIOS ROBOTICS"," Hardware ","2024-02-04"," Approved ","USD 8, 880.18","vendor submitted via portal; cost center 105 "
"INV-372405"," Nova Packg.","Hardware "," 2024-02-29 ","On Hold","$9,697.36"," three-way match complete; cost center 109"
"INV-190087","Zenith Components","Facility","2024-08-14","On Hold ","$3,248.34 ","three-way match complete; cost center 100 "
"INV-785624","Nova Packg. "," Hardware","2024-06-20 ","Approved"," $9,993.20 "," three-way match complete; cost center 117"
"INV-445287","Astra-Supplies ","Hardware"," 2024-01-18","Approved"," $9,691.61"," match to PO required; cost center 114 "
"INV-464461","Helios Robotics ","Software"," 2024-09-13 "," Pending","$1,719.12 ","vendor submitted via portal; cost center 108"
"INV-273414","Zenith Comp."," Software"," 2024-07-16 ","Approved ","$6,171.50 ","price variance escalated; cost center 101"
"INV-985381"," Vertex Log. ","Logistics "," 2024-09-09 "," Approved ","$7,941.31 "," vendor submitted via portal; cost center 110"
"INV-168177"," Vertex Log."," Hardware"," 2024-07-19"," Approved"," $1,170.72 "," vendor submitted via portal; cost center 119 "
"INV-853009"," LumenAnalytic"," Logistics","2024-07-02","Approved","$5,524.37","price variance escalated; cost center 100"
"INV-947031"," LumenAnalytic","Professional Services"," 2024-02-24"," Rejected"," $1,260.62","requires VAT documentation; cost center 113"
"INV-124323","Vertex Log."," Facility "," 2024-06-21 "," Approved "," $2,737.84 ","match to PO required; cost center 112 "
"INV-124323"," VertexLogistics "," Facility "," 2024-06-21","Approved"," $2,737.84","duplicate submit; consolidate in close process "
"INV-618056","Helios Robotics "," Cloud "," 2024-05-11"," Approved ","$3,263.99"," three-way match complete; cost center 104"
"INV-449634","Vertex Logistics"," Cloud"," 2024-07-09"," Rejected","$8,601.71"," pending shipping confirmation; cost center 106 "
"INV-507474"," Helios-Robotics "," Software","2024-06-16","Approved","$7,970.09"," price variance escalated; cost center 108 "
"INV-404332","Vertex Logistics"," Hardware "," 2024-01-03"," Approved ","$9,593.05 "," price variance escalated; cost center 104"
"INV-138060","Helios Robotix "," Cloud"," 2024-05-10","Approved"," $8,138.58","three-way match complete; cost center 117 "
"INV-999102","Astra suppl. "," Logistics"," 2024-07-15 "," Approved","$8,890.20 "," vendor submitted via portal; cost center 100 "
"INV-386589"," Nova Packaging ","Facility ","2024-09-06 "," On Hold","USD 7,195.02 "," vendor submitted via portal; cost center 109"
"INV-151998"," Lumen-Analytics"," Software "," 2024-07-22 "," Approved"," $7,674.83","pending shipping confirmation; cost center 114"
"INV-823302","Helios Robotics ","Cloud "," 2024-09-22","On Hold"," $9,060.67"," vendor submitted via portal; cost center 118 "
"INV-478587","Vtx Logistics "," Software","2024-08-25","On Hold"," $8,087.46"," vendor submitted via portal; cost center 100 "
"INV-586510","Astra-Supplies","Cloud","2024-07-13"," Approved"," $6,069.33 ","vendor submitted via portal; cost center 107 "
"INV-336924"," Vertex-Logistics "," Logistics","2024-09-02","Pending"," $6,569.50 "," price variance escalated; cost center 112 "
"INV-408845","Zenith Components"," Facility "," 2024-05-08 "," Approved"," USD 5, 197.94 "," three-way match complete; cost center 116 "
"INV-870810"," Nova-Packaging ","Cloud"," 2024-05-14 "," Approved","$3,423.43"," requires VAT documentation; cost center 112 "
"INV-355570","Vertex Logistics","Professional Services ","2024-05-02 "," Rejected"," $2,249.72 ","three-way match complete; cost center 107 "
"INV-623113","Nova Packaging "," Software","2024-04-01 ","Pending"," $1,421.66 ","three-way match complete; cost center 112"
"INV-892691"," HELIOS ROBOTICS","Logistics"," 2024-06-11"," Approved","$6,572.31"," requires VAT documentation; cost center 118"
"INV-252207","Zenith-Components","Cloud","2024-09-27","Approved "," $9,428.44 "," match to PO required; cost center 110 "
"INV-331669"," ZenithComponents "," Hardware"," 2024-08-04 "," Approved "," USD 9, 191.47 "," requires VAT documentation; cost center 119 "
"INV-622970","Zenith Component ","Facility","2024-01-10 "," Rejected"," $6,808.04 ","requires VAT documentation; cost center 106"
"INV-639723"," Astra Spp "," Software"," 2024-01-16"," Approved"," $9,069.40 "," pending shipping confirmation; cost center 113"
"INV-527774","Helios Robotix","Facility"," 2024-09-06"," Approved ","$4,492.53","pending shipping confirmation; cost center 104"
"INV-541372","Vertex Logistics"," Facility","2024-03-22","Pending ","USD 984.67 "," vendor submitted via portal; cost center 104"
"INV-868023"," Vertex Logistics"," Facility ","2024-08-26 "," Approved","$1,233.51 "," requires VAT documentation; cost center 105 "
"INV-772001"," Novapackaging","Logistics "," 2024-08-16 ","Rejected ","$4,675.99 "," three-way match complete; cost center 116 "
"INV-302992"," Nova Packaging"," Facility"," 2024-04-25"," Approved"," $4,577.37 "," requires VAT documentation; cost center 111"
"INV-762616"," Novapackaging ","Cloud"," 2024-04-26","Approved"," USD 6,412.37 "," three-way match complete; cost center 103 "
"INV-575635","Astra Spp "," Software "," 2024-01-23"," Pending"," $6,523.90","three-way match complete; cost center 115 "
"INV-292835"," Novapackaging"," Logistics"," 2024-01-10 ","Approved ","$2,068.74 ","match to PO required; cost center 112"
"INV-313375"," NovaPack"," Hardware "," 2024-03-16"," On Hold"," $4,859.53","three-way match complete; cost center 108"
"INV-281577","Nova Packaging","Facility ","2024-08-27","Approved ","$8,592.17 "," three-way match complete; cost center 103"
"INV-929272","Nova Packaging","Cloud ","2024-04-23 "," Pending ","$6,701.09","requires VAT documentation; cost center 116"
"INV-503980","Zenith Components "," Cloud"," 2024-06-18","Approved ","USD 2,527.02 "," pending shipping confirmation; cost center 109 "
"INV-503980","ZenithComponents ","Cloud","2024-06-18","Approved"," USD 2,527.02 ","duplicate submit; consolidate in close process "
"INV-549750","VertexLogistics "," Facility","2024-07-02","Approved","USD 4,457.16 ","vendor submitted via portal; cost center 100 "
"INV-939430"," Astra-Supplies ","Cloud","2024-04-29 ","Pending ","USD 4, 199.18 "," price variance escalated; cost center 108"
"INV-939430","Astra suppl. "," Cloud"," 2024-04-29 ","Pending","USD 4, 199.18 "," duplicate submit; consolidate in close process "
"INV-427175"," Zenith Component","Logistics "," 2024-03-28","Rejected "," $7,637.48"," pending shipping confirmation; cost center 105 "
"INV-701062","Lumen Analytics","Logistics "," 2024-06-05","Approved"," $1,722.56 ","price variance escalated; cost center 104"
"INV-234590","Astra Supplies "," Software "," 2024-09-01 "," Approved ","$3,388.17 "," price variance escalated; cost center 108 "
"INV-372515","HELIOS ROBOTICS","Professional Services","2024-04-06 ","Approved","USD 8, 438.89","vendor submitted via portal; cost center 100 "
"INV-696332","Helios-Robotics","Logistics","2024-07-26"," Approved"," USD 4, 665.86","pending shipping confirmation; cost center 119 "
"INV-792761"," Astra Spp","Logistics"," 2024-05-01","Approved "," $2,393.95 ","price variance escalated; cost center 119 "
"INV-574671","HeliosRobotics","Software ","2024-05-03 "," Pending ","USD 904.39 "," price variance escalated; cost center 114"
"INV-376829","Lumen-Analytics","Facility "," 2024-03-15","On Hold ","$3,253.20 ","requires VAT documentation; cost center 107 "
"INV-376829"," Lumen-Analytics","Facility ","2024-03-15"," On Hold "," $3,253.20 ","duplicate submit; consolidate in close process"
"INV-248988"," Vertex Logistics","Hardware","2024-07-30","Pending","USD 4, 604.42 "," match to PO required; cost center 111"
"INV-542760","Astra Spp","Hardware "," 2024-09-17 "," Approved","$9,490.63 ","match to PO required; cost center 107 "
"INV-104277"," HeliosRobotics"," Professional Services "," 2024-05-20","Rejected"," $3,755.09 ","vendor submitted via portal; cost center 100"
"INV-223071"," AstraSupply"," Software "," 2024-09-07","Approved "," $8,574.78","vendor submitted via portal; cost center 105"
"INV-289665","Vtx Logistics","Cloud","2024-05-28 "," On Hold","USD 8, 343.64"," price variance escalated; cost center 100"
"INV-289665"," Vertex Log.","Cloud"," 2024-05-28"," On Hold ","USD 8, 343.64"," duplicate submit; consolidate in close process"
"INV-307388","Zenith-Components","Facility","2024-07-18"," Approved ","$9,827.79"," match to PO required; cost center 105"
"INV-213435"," Astra-Supplies "," Logistics "," 2024-08-08 ","Approved","$6,783.76 "," match to PO required; cost center 117 "
"INV-494226"," LumenAnalytics "," Hardware","2024-06-29 "," Pending ","$4,014.19 "," requires VAT documentation; cost center 111 "
"INV-494226"," LumenAnalytic ","Hardware"," 2024-06-29"," Pending","$4,014.19 ","duplicate submit; consolidate in close process "
"INV-112442"," Astra Supplies ","Hardware "," 2024-03-09","On Hold ","USD 8, 955.95"," three-way match complete; cost center 118 "
"INV-530997"," Astra Supplies","Professional Services "," 2024-04-18 ","On Hold ","$5,237.21 ","requires VAT documentation; cost center 111"
"INV-290142","Zenith Comp."," Hardware "," 2024-04-03","On Hold"," USD 661.12"," vendor submitted via portal; cost center 116"
"INV-260453"," Novapackaging "," Software","2024-06-05"," Approved "," $8,781.84 "," requires VAT documentation; cost center 116 "
"INV-659957","ZenithComponents ","Professional Services "," 2024-05-04","Rejected"," $4,334.75 "," price variance escalated; cost center 114"
"INV-302633"," Zenith Component"," Cloud ","2024-06-07 "," Approved"," $9,390.46"," match to PO required; cost center 114 "
"INV-463741"," Lumen-Analytics"," Hardware ","2024-05-09 ","Approved "," USD 9,176.49"," requires VAT documentation; cost center 110"
"INV-333693","Vertex-Logistics "," Cloud","2024-09-16 "," Approved ","$9,143.58 "," vendor submitted via portal; cost center 117"
"INV-186290"," Vertex Log.","Professional Services"," 2024-05-12","On Hold "," $2,542.84 ","match to PO required; cost center 114 "
"INV-540396"," Nova Packaging"," Facility "," 2024-06-12","Approved"," $2,086.33"," vendor submitted via portal; cost center 107"
"INV-494457","Helios Robotics "," Cloud ","2024-07-29","Approved ","USD 6,983.86","pending shipping confirmation; cost center 110 "
"INV-494457"," HELIOS ROBOTICS"," Cloud ","2024-07-29"," Approved","USD 6,983.86 ","duplicate submit; consolidate in close process"
"INV-219605","Vertex Log.","Cloud","2024-08-19"," Approved"," USD 3, 206.57 ","price variance escalated; cost center 111 "
"INV-324452"," Helios-Robotics"," Cloud"," 2024-01-30","Pending "," USD 6, 576.16 ","vendor submitted via portal; cost center 110"
"INV-324452","HELIOS ROBOTICS"," Cloud"," 2024-01-30","Pending","USD 6, 576.16","duplicate submit; consolidate in close process"
"INV-147094"," Astra Supplies"," Facility","2024-07-16","Approved"," USD 6,681.64 "," price variance escalated; cost center 100 "
"INV-544346"," Lumen-Analytics","Professional Services"," 2024-06-06 "," Pending "," $5,170.28"," price variance escalated; cost center 104 "
"INV-604490"," Zenith-Components ","Facility "," 2024-07-13","Rejected"," $8,235.64 ","price variance escalated; cost center 118 "
"INV-423404"," Astra suppl. ","Facility"," 2024-03-11"," Approved","$1,725.87 "," three-way match complete; cost center 119"
"INV-505789","Novapackaging "," Hardware ","2024-06-03 "," Approved "," USD 7, 929.20","three-way match complete; cost center 115"
"INV-249773","Novapackaging "," Software","2024-06-24 "," Approved ","$1,376.09 ","price variance escalated; cost center 105 "
"INV-249773"," Novapackaging "," Software","2024-06-24","Approved "," $1,376.09","duplicate submit; consolidate in close process "
"INV-146942","Vtx Logistics"," Cloud","2024-03-12","Rejected"," $1,202.39 ","match to PO required; cost center 109"
"INV-462996"," Nova Packaging ","Software"," 2024-02-29 ","Approved "," USD 4, 818.75","three-way match complete; cost center 114 "
"INV-462996","Nova Packg. ","Software"," 2024-02-29","Approved ","USD 4, 818.75"," duplicate submit; consolidate in close process"
"INV-277704"," ZenithComponents","Professional Services "," 2024-02-24"," Approved "," $2,519.98","price variance escalated; cost center 103 "
"INV-805171","Astra Supplies"," Facility "," 2024-05-06","Pending "," $7,322.13 "," price variance escalated; cost center 118 "
"INV-771440"," Helios-Robotics"," Hardware","2024-02-05 ","Approved "," USD 6, 624.80 "," price variance escalated; cost center 112 "
"INV-795466"," Nova Packaging ","Facility ","2024-07-02 ","Rejected"," $6,497.91"," three-way match complete; cost center 104 "
"INV-452429","NovaPack "," Facility","2024-07-24 "," Approved"," USD 6, 013.13 ","vendor submitted via portal; cost center 111 "
"INV-183986"," Nova Packg. "," Hardware ","2024-05-27 ","On Hold","USD 1,300.70"," pending shipping confirmation; cost center 114 "
"INV-208835","Vtx Logistics ","Professional Services"," 2024-03-31 "," Approved","$7,901.43 "," price variance escalated; cost center 103"
"INV-136420","Astra Supplies "," Software"," 2024-03-20","Pending ","USD 3, 122.42","price variance escalated; cost center 114 "
"INV-136420","AstraSupply "," Software ","2024-03-20 "," Pending "," USD 3, 122.42 "," duplicate submit; consolidate in close process"
"INV-212078"," Astra-Supplies","Professional Services"," 2024-01-10"," Rejected","$6,524.21 "," match to PO required; cost center 110 "
"INV-212078","Astra-Supplies"," Professional Services","2024-01-10 "," Rejected ","$6,524.21 "," duplicate submit; consolidate in close process"
"INV-729985"," Vertex-Logistics ","Hardware"," 2024-08-11 "," On Hold","$9,470.39","three-way match complete; cost center 109 "
"INV-418982","HELIOS ROBOTICS "," Logistics"," 2024-09-03 ","On Hold"," USD 5, 362.65 "," three-way match complete; cost center 102 "
"INV-970812"," Astra suppl. "," Professional Services"," 2024-01-12 "," Approved ","USD 4,955.67 "," pending shipping confirmation; cost center 101"
"INV-114260","Nova-Packaging","Hardware"," 2024-07-16","Pending"," $3,673.07 ","requires VAT documentation; cost center 109 "
"INV-270984"," ZenithComponents","Cloud"," 2024-08-17 "," Approved "," USD 5,017.82"," requires VAT documentation; cost center 112 "
"INV-648822","Astra suppl. "," Cloud","2024-01-24 ","On Hold","USD 5,602.07 ","vendor submitted via portal; cost center 113 "
"INV-648822"," AstraSupply ","Cloud ","2024-01-24 ","On Hold","USD 5,602.07","duplicate submit; consolidate in close process "
"INV-614030"," Lumen Analytics","Software "," 2024-09-28"," Approved ","$1,992.94","price variance escalated; cost center 111"
"INV-143471"," AstraSupply "," Software "," 2024-05-12 ","Pending","$9,452.23"," price variance escalated; cost center 106 "
"INV-558631","ZenithComponents ","Professional Services"," 2024-02-01"," Pending ","$3,003.54","requires VAT documentation; cost center 105 "
"INV-627037"," Vertex Logistics"," Facility"," 2024-08-16 ","Approved "," $8,275.89"," three-way match complete; cost center 115"
"INV-794838"," Vtx Logistics"," Logistics","2024-05-02 ","Approved ","USD 3,026.32"," match to PO required; cost center 115 "
"INV-794838"," Vertex Logistics"," Logistics","2024-05-02","Approved"," USD 3,026.32 "," duplicate submit; consolidate in close process "
"INV-728205"," Helios-Robotics ","Cloud "," 2024-02-16","Approved","USD 4, 974.26","price variance escalated; cost center 104 "
"INV-993558","HELIOS ROBOTICS","Logistics"," 2024-06-20"," Approved "," USD 9, 730.61 "," three-way match complete; cost center 117"
"INV-174690"," Lumen-Analytics ","Logistics ","2024-06-04"," Approved","$8,650.16","match to PO required; cost center 111"
"INV-852370","Zenith Component"," Professional Services ","2024-02-22","Approved","$3,404.44","three-way match complete; cost center 113 "
"INV-627911"," Vtx Logistics"," Facility ","2024-01-29 "," Approved ","$1,174.80 "," pending shipping confirmation; cost center 110 "
"INV-368739"," AstraSupply"," Professional Services ","2024-08-02 "," Approved"," USD 2,115.46 ","pending shipping confirmation; cost center 108 "
"INV-473983"," Nova Packg."," Software "," 2024-01-27 "," Approved ","$6,031.31 "," requires VAT documentation; cost center 103"
"INV-174705","Nova Packg.","Cloud ","2024-06-13 "," Approved"," $4,078.81 "," vendor submitted via portal; cost center 101 "
"INV-309811","Vtx Logistics ","Facility ","2024-06-18","On Hold ","$3,455.55 "," requires VAT documentation; cost center 119"
"INV-194945"," Astra Supplies"," Hardware","2024-01-31"," Approved "," $4,984.17"," vendor submitted via portal; cost center 115"
"INV-116910"," Zenith-Components"," Software","2024-05-10","Pending "," USD 4,196.79","match to PO required; cost center 103 "
"INV-369740","LumenAnalytic "," Logistics"," 2024-02-21","Approved"," USD 6,739.27"," three-way match complete; cost center 107"
"INV-646725"," Zenith Component "," Facility"," 2024-01-23","Approved","$2,853.20 "," vendor submitted via portal; cost center 109 "
"INV-149348","AstraSupply ","Hardware","2024-03-08 ","On Hold ","USD 7,350.08"," requires VAT documentation; cost center 119 "
"INV-269142","Vertex Log."," Hardware "," 2024-03-22 ","Approved"," $1,896.33 ","vendor submitted via portal; cost center 113"
"INV-940156","Astra suppl.","Hardware ","2024-04-10 "," Approved"," USD 628.14"," pending shipping confirmation; cost center 117"
"INV-940156","Astra Supplies","Hardware"," 2024-04-10","Approved"," USD 628.14 ","duplicate submit; consolidate in close process"
"INV-893818"," Vtx Logistics","Logistics "," 2024-07-26 ","Approved "," $4,123.56 ","requires VAT documentation; cost center 117"
"INV-215531"," Lumen Analytics "," Professional Services","2024-08-13"," Approved ","USD 5, 774.83 "," price variance escalated; cost center 114"
"INV-848720","Helios Robotics"," Professional Services "," 2024-04-22 ","Pending "," USD 5,604.38"," vendor submitted via portal; cost center 100"
"INV-921705"," Astra Spp","Facility"," 2024-05-30","Approved"," $5,078.45","price variance escalated; cost center 110 "
"INV-835143","Astra suppl. ","Logistics","2024-05-28 "," Rejected "," USD 2,290.84 ","price variance escalated; cost center 110 "
"INV-332550"," Zenith Components","Software ","2024-06-28 "," Approved","$2,836.38 "," match to PO required; cost center 119 "
"INV-644300","Zenith Components","Professional Services "," 2024-08-23","Approved "," $7,237.54"," price variance escalated; cost center 105 "
"INV-930108","Zenith Components"," Software "," 2024-05-17"," Approved"," $8,000.42 ","vendor submitted via portal; cost center 112"
"INV-724981"," Nova-Packaging "," Facility "," 2024-08-01 ","Pending ","$9,400.77"," pending shipping confirmation; cost center 119 "
"INV-537981"," Helios-Robotics ","Facility","2024-09-10 "," Rejected ","USD 1,439.31"," three-way match complete; cost center 110 "
"INV-521486","HeliosRobotics"," Cloud","2024-03-11","On Hold","USD 5, 977.63","requires VAT documentation; cost center 115"
"INV-761536"," LumenAnalytics "," Professional Services","2024-05-12","Approved","USD 1,671.30","three-way match complete; cost center 119 "
"INV-761536","Lumen-Analytics ","Professional Services "," 2024-05-12"," Approved ","USD 1,671.30 "," duplicate submit; consolidate in close process "
"INV-370860"," Astra Supplies","Logistics ","2024-05-05"," On Hold "," $7,596.60 ","price variance escalated; cost center 108 "
"INV-997022"," Astra Supplies","Professional Services ","2024-08-26 "," On Hold"," $3,500.88","vendor submitted via portal; cost center 115"
"INV-621660","Zenith Component ","Hardware","2024-03-17 ","Pending","$6,598.61 ","pending shipping confirmation; cost center 116"
"INV-299505","Astra Spp "," Facility"," 2024-02-25","Approved "," $7,001.49 "," pending shipping confirmation; cost center 116"
"INV-740022","Vtx Logistics"," Hardware ","2024-02-18 "," Approved","$9,589.89","vendor submitted via portal; cost center 113 "
"INV-122149","Zenith-Components "," Hardware ","2024-08-20","On Hold ","USD 2, 977.39"," pending shipping confirmation; cost center 111 "
"INV-984308","Helios Robotics","Professional Services"," 2024-06-21 ","On Hold "," $4,320.06 ","requires VAT documentation; cost center 111"
"INV-813056"," Helios Robotics "," Logistics","2024-08-13","On Hold"," $4,688.16 "," requires VAT documentation; cost center 107"
"INV-467584"," HELIOS ROBOTICS"," Professional Services ","2024-03-07 "," Approved ","USD 4, 982.34"," price variance escalated; cost center 106"
"INV-146796","Astra-Supplies"," Facility ","2024-08-03 "," Approved","USD 1,662.98","three-way match complete; cost center 102 "
"INV-479965","Zenith-Components","Software"," 2024-03-30 "," Approved"," $6,143.59"," price variance escalated; cost center 118 "
"INV-479965"," Zenith Comp.","Software ","2024-03-30 ","Approved ","$6,143.59","duplicate submit; consolidate in close process "
"INV-919795"," Astra suppl."," Facility "," 2024-02-07 "," Rejected","USD 8, 358.83","match to PO required; cost center 100 "
"INV-605209"," Lumen Analytics","Facility "," 2024-07-07","Approved"," $6,820.96","vendor submitted via portal; cost center 106"
"INV-829750","Helios Robotix ","Facility"," 2024-02-15"," Pending","$3,336.21","requires VAT documentation; cost center 107 "
"INV-636673","Vertex Log."," Logistics","2024-06-30 "," Approved","$8,269.14 ","match to PO required; cost center 115"
"INV-916635"," Lumen Analytics ","Cloud"," 2024-01-14 "," Pending ","$4,563.18","price variance escalated; cost center 101 "
"INV-217005"," Lumen Analytics ","Logistics "," 2024-03-17 "," On Hold ","$1,324.99 ","three-way match complete; cost center 118 "
"INV-104650"," Astra Spp ","Hardware"," 2024-01-10"," Approved","USD 9, 033.71 "," requires VAT documentation; cost center 103 "
"INV-158725"," Lumen-Analytics"," Hardware","2024-01-28"," Approved "," USD 506.27"," three-way match complete; cost center 111 "
"INV-517940","Helios Robotics "," Facility"," 2024-02-20","Pending","USD 1, 159.16","three-way match complete; cost center 111"
"INV-409927","Novapackaging"," Hardware "," 2024-02-17"," Rejected "," $3,257.92 "," vendor submitted via portal; cost center 109 "
"INV-425579"," Zenith Components ","Professional Services","2024-02-26","On Hold ","USD 957.78 "," requires VAT documentation; cost center 105"
"INV-401532","Helios-Robotics","Software"," 2024-05-21 ","Approved "," $3,560.36 "," match to PO required; cost center 102"
"INV-401532","Helios Robotix "," Software","2024-05-21"," Approved "," $3,560.36"," duplicate submit; consolidate in close process "
"INV-188484"," Vtx Logistics"," Logistics","2024-09-18"," Pending"," $9,528.21 ","pending shipping confirmation; cost center 119 "
"INV-455999"," Zenith Component ","Facility ","2024-08-16","Approved "," USD 8, 320.19 ","pending shipping confirmation; cost center 113"
"INV-485831"," Novapackaging ","Professional Services","2024-03-27 ","Approved "," $2,864.66","price variance escalated; cost center 100 "
"INV-471561","Helios-Robotics ","Cloud","2024-02-23"," Approved"," $5,235.85 "," three-way match complete; cost center 113 "
"INV-775835"," Astra suppl.","Cloud ","2024-07-16 ","Approved "," USD 4,753.54","price variance escalated; cost center 107"
"INV-211112"," Zenith Components","Cloud ","2024-04-10"," Approved","USD 6, 711.68"," three-way match complete; cost center 104"
"INV-711807","Zenith Components "," Cloud "," 2024-06-02","Pending "," $8,134.73","price variance escalated; cost center 118 "
"INV-429767"," Astra Spp","Facility "," 2024-01-07","Pending ","USD 8, 382.64 "," three-way match complete; cost center 118 "
"INV-172902","Vtx Logistics "," Cloud "," 2024-04-19"," On Hold ","$5,343.45","requires VAT documentation; cost center 117"
"INV-299858"," Nova-Packaging "," Logistics "," 2024-07-04 ","Approved ","USD 1,997.96 "," vendor submitted via portal; cost center 106"
"INV-935764","Helios-Robotics","Cloud "," 2024-07-27"," Pending "," $838.69 "," requires VAT documentation; cost center 104"
"INV-219165","Zenith Components","Facility"," 2024-04-11","Approved "," $9,599.04","three-way match complete; cost center 111 "
"INV-788187","Vertex Logistics ","Logistics ","2024-03-03"," On Hold","$8,550.13"," pending shipping confirmation; cost center 109 "
"INV-375962"," Nova-Packaging","Hardware "," 2024-09-16 "," Rejected "," USD 5, 800.48 "," requires VAT documentation; cost center 109"
"INV-892941"," Vertex-Logistics"," Software ","2024-03-18"," Approved","$2,047.86 "," match to PO required; cost center 117"
"INV-797857"," Vertex Logistics"," Logistics"," 2024-05-20 ","Approved"," $4,148.77 "," pending shipping confirmation; cost center 113"
"INV-988043","Vertex-Logistics ","Logistics"," 2024-07-02 ","On Hold ","USD 9,417.54","pending shipping confirmation; cost center 116 "
"INV-201815","Vertex Log. ","Software","2024-04-08 ","Approved","USD 7,250.51","three-way match complete; cost center 118"
"INV-369650"," Zenith Comp.","Cloud"," 2024-09-24","On Hold","USD 1,857.98","price variance escalated; cost center 108"
"INV-644841"," Zenith Components","Software ","2024-04-16 "," Approved","$9,370.57"," match to PO required; cost center 108 "
"INV-705578"," Helios-Robotics","Software","2024-09-25"," On Hold"," $9,864.07 "," vendor submitted via portal; cost center 113 "
"INV-705578","HELIOS ROBOTICS ","Software ","2024-09-25 ","On Hold","$9,864.07 "," duplicate submit; consolidate in close process "
"INV-748293","Lumen Analytix ","Professional Services","2024-08-31 ","Rejected "," $2,369.63"," pending shipping confirmation; cost center 118"
"INV-801226"," Helios Robotics "," Cloud "," 2024-08-03","Approved"," $1,001.07","three-way match complete; cost center 108 "
"INV-801226"," Helios-Robotics","Cloud"," 2024-08-03 ","Approved","$1,001.07","duplicate submit; consolidate in close process"
"INV-482150"," HeliosRobotics"," Facility","2024-08-01"," Approved"," $7,941.20 ","price variance escalated; cost center 108 "
"INV-163139"," HeliosRobotics "," Software "," 2024-08-24","Approved","USD 7, 935.46 "," requires VAT documentation; cost center 118 "
"INV-328951"," Zenith Components "," Hardware"," 2024-09-21 ","Pending ","$906.95 "," price variance escalated; cost center 105 "
"INV-287765"," Vertex Log."," Professional Services","2024-06-05 "," Approved"," $4,181.91 "," three-way match complete; cost center 111 "
"INV-210591"," Astra Spp "," Professional Services","2024-01-25","Approved "," $8,152.82"," vendor submitted via portal; cost center 103 "
"INV-426342"," HELIOS ROBOTICS "," Hardware "," 2024-03-30 ","Approved"," $7,646.18 "," vendor submitted via portal; cost center 119"
"INV-873413"," Helios Robotix "," Professional Services","2024-08-29","Pending "," $5,030.82","pending shipping confirmation; cost center 104"
"INV-427168","HeliosRobotics","Facility"," 2024-06-12"," Approved","USD 9, 403.41 "," pending shipping confirmation; cost center 100"
"INV-452776","Zenith Component ","Facility ","2024-01-19"," On Hold ","$5,752.96 "," price variance escalated; cost center 114"
"INV-418707","Astra-Supplies","Facility ","2024-09-17"," Pending","$7,314.92","price variance escalated; cost center 113 "
"INV-765022"," HELIOS ROBOTICS","Software","2024-09-12","Approved","$9,966.88 ","requires VAT documentation; cost center 111 "
"INV-459459","Zenith-Components "," Facility"," 2024-06-21 ","Approved","USD 1,566.66"," vendor submitted via portal; cost center 113 "
"INV-925181","ZenithComponents"," Professional Services","2024-03-23","Approved ","USD 2,921.67","pending shipping confirmation; cost center 116"
"INV-989241","Nova Packaging"," Software "," 2024-02-27","Pending"," $9,513.46","vendor submitted via portal; cost center 110 "
"INV-126088"," Astra Supplies","Software"," 2024-01-17 "," Approved"," USD 4, 256.03 "," three-way match complete; cost center 111 "
"INV-126088"," Astra Spp ","Software","2024-01-17"," Approved","USD 4, 256.03","duplicate submit; consolidate in close process "
"INV-295779"," ZenithComponents "," Cloud "," 2024-03-06 "," Pending ","USD 9,796.65"," requires VAT documentation; cost center 112 "
"INV-224229"," Helios-Robotics ","Hardware "," 2024-01-27"," Pending "," USD 9,933.99"," pending shipping confirmation; cost center 116 "
"INV-113832","Vtx Logistics ","Cloud ","2024-04-29 ","Approved "," USD 5,309.94"," pending shipping confirmation; cost center 103"
"INV-989916"," LumenAnalytics "," Professional Services","2024-09-01","On Hold"," $2,043.32 "," requires VAT documentation; cost center 112"
"INV-140434","Lumen Analytics"," Software","2024-05-05"," Approved","$3,490.85"," three-way match complete; cost center 118"
"INV-369387","Zenith-Components","Facility ","2024-09-24","Rejected"," USD 5, 442.06"," match to PO required; cost center 102"
"INV-470880","LumenAnalytic","Software ","2024-05-11 ","Approved "," USD 5, 539.14"," match to PO required; cost center 104"
"INV-323558","AstraSupply"," Cloud","2024-04-29 "," Pending ","$6,724.89 "," vendor submitted via portal; cost center 106"
"INV-743051"," Vertex Logistics ","Software","2024-03-19"," On Hold","$8,350.39 ","vendor submitted via portal; cost center 106 "
"INV-252444"," VertexLogistics"," Logistics ","2024-08-14 ","On Hold ","$1,684.12 "," match to PO required; cost center 118 "
"INV-917333"," Zenith-Components "," Professional Services "," 2024-05-06 ","Pending ","$8,868.58","requires VAT documentation; cost center 111 "
"INV-959299"," HELIOS ROBOTICS ","Logistics"," 2024-08-07 "," Approved ","$7,803.41 "," match to PO required; cost center 103 "
"INV-401058","Astra Spp ","Hardware"," 2024-05-24"," On Hold ","$7,251.50","match to PO required; cost center 119"
"INV-489192"," AstraSupply ","Cloud ","2024-03-28 "," On Hold"," $3,741.36 ","match to PO required; cost center 104 "
"INV-950317"," Zenith Comp."," Facility","2024-09-18","Approved ","$8,121.88"," price variance escalated; cost center 103"
"INV-233086"," Vertex-Logistics","Cloud ","2024-03-08"," Approved ","$7,662.72"," match to PO required; cost center 100 "
"INV-796219"," Nova Packg. "," Cloud"," 2024-04-19 "," On Hold ","USD 5, 546.69 "," requires VAT documentation; cost center 104"
"INV-307984"," Vertex-Logistics","Software"," 2024-01-01","Approved "," $6,202.45"," pending shipping confirmation; cost center 118"
"INV-306461"," Novapackaging ","Facility","2024-08-23"," Pending"," $1,073.93 "," vendor submitted via portal; cost center 107"
"INV-319951","VertexLogistics ","Facility"," 2024-01-11 ","On Hold","$1,527.75","three-way match complete; cost center 107 "
"INV-350564","Astra Spp "," Cloud "," 2024-06-04 ","Approved","$3,730.65 ","pending shipping confirmation; cost center 110 "
"INV-189278","Astra suppl. "," Facility "," 2024-03-22"," Approved"," USD 4, 814.37","pending shipping confirmation; cost center 106"
"INV-833624"," HELIOS ROBOTICS"," Facility","2024-04-29 ","Approved"," $2,872.77"," vendor submitted via portal; cost center 112 "
"INV-157766"," Lumen Analytix"," Professional Services"," 2024-09-10 ","Approved","$3,056.82","match to PO required; cost center 115"
"INV-400428","Zenith Components"," Facility","2024-04-02"," Approved","USD 9,137.22","vendor submitted via portal; cost center 115"
"INV-400428"," Zenith Comp.","Facility","2024-04-02 "," Approved","USD 9,137.22 ","duplicate submit; consolidate in close process "
"INV-780286"," Zenith Component "," Professional Services","2024-06-03 ","Approved","$9,391.93 ","three-way match complete; cost center 102 "
"INV-449076","Helios Robotix ","Cloud","2024-04-22 "," Approved "," $3,986.19","vendor submitted via portal; cost center 107"
"INV-787943","Zenith Component ","Hardware"," 2024-09-15 ","Approved"," USD 1, 526.44","price variance escalated; cost center 102"
"INV-837284"," VertexLogistics "," Software","2024-05-15"," On Hold "," USD 4,373.17 "," vendor submitted via portal; cost center 100"
"INV-163326"," Zenith Components","Cloud "," 2024-09-18 "," Approved","USD 8, 288.57"," match to PO required; cost center 110"
"INV-163326","Zenith Components ","Cloud","2024-09-18 "," Approved"," USD 8, 288.57"," duplicate submit; consolidate in close process"
"INV-161528","Zenith Components"," Logistics","2024-01-30 "," Approved ","USD 7,061.34 "," three-way match complete; cost center 105"
"INV-965973"," Helios Robotics"," Cloud"," 2024-07-13"," Pending "," $7,839.02","three-way match complete; cost center 117"
"INV-576744"," Novapackaging"," Hardware"," 2024-03-31 ","Approved","$7,884.55 "," match to PO required; cost center 103 "
"INV-660809","Vertex-Logistics "," Facility","2024-07-08 "," Approved ","$4,674.60 "," price variance escalated; cost center 119 "
"INV-240724","Astra suppl."," Professional Services","2024-05-23 ","Pending","$1,157.06","pending shipping confirmation; cost center 117"
"INV-722818","Lumen Analytics "," Hardware "," 2024-02-03"," Approved"," $7,873.74 "," vendor submitted via portal; cost center 107 "
"INV-116671"," HeliosRobotics"," Hardware"," 2024-07-29 ","Approved","USD 8,455.00 ","price variance escalated; cost center 105"
"INV-635840","Lumen-Analytics ","Software ","2024-03-20","Rejected ","$4,369.98 "," pending shipping confirmation; cost center 102 "
"INV-249649"," Vertex-Logistics "," Logistics ","2024-05-05 ","Pending ","$2,309.29 ","match to PO required; cost center 117 "
"INV-697467"," Helios Robotics "," Cloud "," 2024-09-28"," Approved ","$7,942.39 ","price variance escalated; cost center 109 "
"INV-441900","Astra Spp"," Facility"," 2024-02-12 "," Pending","USD 874.00 ","three-way match complete; cost center 104 "
"INV-441671","Vertex-Logistics ","Hardware ","2024-07-26 "," Pending ","USD 6, 231.00 ","three-way match complete; cost center 111"
"INV-523172"," Novapackaging "," Hardware ","2024-09-08 ","Approved","USD 9,817.20","three-way match complete; cost center 107 "
"INV-714234"," Nova Packaging","Facility "," 2024-06-01","Rejected "," USD 788.48 "," match to PO required; cost center 119"
"INV-719014"," Astra suppl.","Cloud "," 2024-04-22"," Approved ","$6,609.80 ","three-way match complete; cost center 115 "
"INV-719014"," Astra suppl.","Cloud"," 2024-04-22"," Approved ","$6,609.80"," duplicate submit; consolidate in close process"
"INV-963732","Astra Supplies "," Cloud"," 2024-01-28","On Hold"," $9,881.98 "," vendor submitted via portal; cost center 110"
"INV-963732","Astra suppl. "," Cloud ","2024-01-28","On Hold"," $9,881.98","duplicate submit; consolidate in close process "
"INV-493331","Astra suppl. ","Professional Services"," 2024-09-17 ","Approved "," USD 6, 018.18 ","price variance escalated; cost center 108 "
"INV-342420","VertexLogistics "," Software"," 2024-05-07","On Hold ","$7,613.25 ","requires VAT documentation; cost center 115 "
"INV-800713"," Lumen-Analytics","Facility","2024-01-27 "," On Hold","$4,093.06 "," requires VAT documentation; cost center 104 "
"INV-736914","NovaPack"," Software "," 2024-08-18 ","Pending ","USD 1, 669.24 ","vendor submitted via portal; cost center 112 "
"INV-626310"," HELIOS ROBOTICS","Software "," 2024-02-22","Approved "," USD 2, 415.66 "," match to PO required; cost center 107"
"INV-618631","HeliosRobotics "," Professional Services"," 2024-07-01","Approved","$6,356.32 ","requires VAT documentation; cost center 116 "
"INV-693188","Vertex-Logistics ","Professional Services","2024-09-18"," Pending ","$8,254.98","requires VAT documentation; cost center 110"
"INV-392952"," Nova-Packaging "," Facility"," 2024-04-27 ","Approved "," $5,926.59"," price variance escalated; cost center 109 "
"INV-198576","Astra Spp","Hardware","2024-05-09"," Approved","$4,316.16"," vendor submitted via portal; cost center 112 "
"INV-624890","AstraSupply","Professional Services ","2024-09-28"," Approved","$2,193.09"," vendor submitted via portal; cost center 114"
"INV-183279"," Astra Supplies "," Cloud "," 2024-01-18"," On Hold"," $4,532.63"," requires VAT documentation; cost center 119 "
"INV-645569"," Zenith-Components","Software","2024-06-01","Approved "," $6,001.41","price variance escalated; cost center 116 "
"INV-859277","AstraSupply ","Cloud ","2024-07-24"," On Hold ","USD 9, 062.28 ","match to PO required; cost center 102 "
"INV-737850"," HeliosRobotics","Facility "," 2024-09-26"," Pending","$4,996.03 "," match to PO required; cost center 117 "
"INV-358242","Lumen-Analytics "," Software","2024-06-28"," Approved"," $4,816.34 ","three-way match complete; cost center 114"
"INV-411392","Vertex Logistics "," Professional Services "," 2024-09-05 "," On Hold "," $9,573.41"," match to PO required; cost center 117 "
"INV-929830","Nova Packaging"," Hardware"," 2024-06-16"," Rejected","USD 8, 765.42","match to PO required; cost center 103"
"INV-803569"," Zenith-Components "," Professional Services "," 2024-02-05 ","Approved"," $4,045.01 ","three-way match complete; cost center 103"
"INV-332486","Vertex Log. "," Logistics ","2024-06-03 "," On Hold","USD 4,693.62","three-way match complete; cost center 106 "
"INV-577331","Zenith Component ","Software","2024-02-14 ","Approved","$7,787.77"," pending shipping confirmation; cost center 111"
"INV-818424"," LumenAnalytic "," Facility","2024-09-23","Pending"," $6,015.37","vendor submitted via portal; cost center 117"
"INV-442557","Lumen-Analytics "," Professional Services"," 2024-07-06 ","On Hold "," $6,654.55 "," requires VAT documentation; cost center 113"
"INV-296364","Lumen Analytix ","Cloud ","2024-04-17","Approved ","USD 9,530.22 ","pending shipping confirmation; cost center 108 "
"INV-431960"," Astra Supplies","Software "," 2024-07-13 "," Approved","$3,990.32 "," vendor submitted via portal; cost center 104"
"INV-765267","Helios Robotics "," Facility ","2024-09-28 ","Approved","USD 9, 489.40 "," requires VAT documentation; cost center 114 "
"INV-979319"," Lumen-Analytics","Facility","2024-03-15"," Rejected"," $5,754.51"," pending shipping confirmation; cost center 115 "
"INV-496399","Lumen-Analytics "," Logistics "," 2024-09-29 "," Approved"," $8,926.14"," price variance escalated; cost center 110 "
"INV-774361","Vtx Logistics","Professional Services","2024-07-29 ","Approved "," USD 2,574.37 ","three-way match complete; cost center 116"
"INV-388441","Lumen Analytics"," Facility "," 2024-08-28 "," Approved "," USD 3,881.11"," three-way match complete; cost center 116"
"INV-582091"," NovaPack"," Hardware ","2024-05-22 ","Rejected "," $4,432.47","requires VAT documentation; cost center 106 "
"INV-591686"," Lumen Analytics","Hardware"," 2024-05-30","Pending","$8,171.21 "," match to PO required; cost center 105"
"INV-284297","Astra-Supplies "," Software","2024-03-20","Approved "," USD 5,287.64","price variance escalated; cost center 105 "
"INV-214228","VertexLogistics","Logistics "," 2024-02-25 "," Pending "," $854.10"," three-way match complete; cost center 117 "
"INV-280776","HeliosRobotics","Software"," 2024-02-20","Approved"," $2,269.77 "," pending shipping confirmation; cost center 108 "
"INV-119575","HeliosRobotics ","Cloud"," 2024-03-03 "," On Hold"," $9,338.03"," vendor submitted via portal; cost center 111 "
"INV-858809","Zenith Components","Software "," 2024-02-04 ","Approved ","USD 3, 416.40 ","match to PO required; cost center 101 "
"INV-858809","ZenithComponents ","Software","2024-02-04 ","Approved ","USD 3, 416.40 "," duplicate submit; consolidate in close process"
"INV-493316"," Lumen-Analytics"," Professional Services"," 2024-07-02","Pending ","$9,546.32","match to PO required; cost center 108 "
"INV-531290","Zenith Components "," Facility ","2024-06-02","Approved ","USD 7, 714.46 ","pending shipping confirmation; cost center 113 "
"INV-806368","Vertex-Logistics "," Logistics "," 2024-09-14 "," Pending ","USD 1,380.37 ","three-way match complete; cost center 119 "
"INV-572618","LumenAnalytics"," Cloud "," 2024-04-13"," Approved"," USD 8, 495.24 ","price variance escalated; cost center 118"
"INV-351724"," Vtx Logistics ","Software"," 2024-09-01 "," Rejected","USD 5, 403.72 ","three-way match complete; cost center 101"
"INV-910848"," Vtx Logistics "," Professional Services"," 2024-05-25"," Approved ","$4,167.39","match to PO required; cost center 111"
"INV-206759"," Nova Packg. "," Hardware"," 2024-02-24"," Approved"," $7,611.50"," requires VAT documentation; cost center 111"
"INV-716283"," HeliosRobotics","Software ","2024-06-14 "," Rejected ","$1,883.40 "," match to PO required; cost center 117"
"INV-348498"," Zenith Components ","Professional Services ","2024-01-10 "," On Hold","$6,720.99"," pending shipping confirmation; cost center 101"
"INV-135549"," Lumen Analytics","Software "," 2024-08-12"," On Hold ","USD 4, 554.65","price variance escalated; cost center 113 "
"INV-496900","Lumen Analytics "," Professional Services","2024-05-09"," Pending"," $3,631.66 "," three-way match complete; cost center 109"
"INV-912996","Zenith Components"," Professional Services","2024-02-03"," Pending"," $6,622.99 "," price variance escalated; cost center 114"
"INV-947600"," HeliosRobotics"," Hardware "," 2024-01-22"," Pending","$4,808.46 "," requires VAT documentation; cost center 119 "
"INV-794938","Astra suppl. "," Professional Services "," 2024-09-15"," Approved","USD 911.34 ","requires VAT documentation; cost center 100 "
"INV-290666"," Novapackaging ","Hardware","2024-09-03 ","Approved"," USD 7,599.51 "," three-way match complete; cost center 109 "
"INV-765488","Zenith Comp."," Hardware ","2024-09-09"," Approved ","USD 7,793.03","vendor submitted via portal; cost center 114"
"INV-721969"," AstraSupply"," Software ","2024-09-25 ","Approved","$922.21","three-way match complete; cost center 103"
"INV-265547","Vtx Logistics","Hardware"," 2024-05-13"," Approved "," $1,744.89 ","vendor submitted via portal; cost center 110"
"INV-518938"," HeliosRobotics ","Software "," 2024-02-17","Approved","$5,051.40 "," price variance escalated; cost center 103"
"INV-695798","Astra suppl. "," Logistics ","2024-06-08","Pending ","$4,730.36 "," price variance escalated; cost center 109 "
"INV-954099","Zenith Components"," Software","2024-08-20 ","Approved "," USD 7,403.54 ","match to PO required; cost center 113 "
"INV-666616"," Zenith-Components ","Facility"," 2024-01-27 ","Approved"," USD 9, 410.43"," match to PO required; cost center 114 "
"INV-666616","Zenith Components"," Facility","2024-01-27 ","Approved ","USD 9, 410.43 ","duplicate submit; consolidate in close process "
"INV-635065"," VertexLogistics"," Logistics ","2024-02-04"," Approved","USD 9, 191.79 ","vendor submitted via portal; cost center 117"
"INV-286889","Vertex-Logistics","Hardware "," 2024-04-04"," Approved","USD 2, 421.79 ","pending shipping confirmation; cost center 117"
"INV-420788","Lumen Analytix"," Facility ","2024-03-18 ","Approved"," $1,254.87","requires VAT documentation; cost center 101 "
"INV-838834"," Novapackaging "," Professional Services","2024-04-23"," Approved","$4,628.51 ","pending shipping confirmation; cost center 107"
"INV-838834"," Novapackaging ","Professional Services","2024-04-23","Approved "," $4,628.51 ","duplicate submit; consolidate in close process"
"INV-367810","Zenith-Components"," Cloud","2024-08-26 "," Pending"," USD 1,637.13 ","three-way match complete; cost center 102 "
"INV-954199","LumenAnalytic"," Logistics "," 2024-01-15 ","Approved","$4,011.34","match to PO required; cost center 113 "
"INV-539099"," Novapackaging","Facility "," 2024-02-16"," Pending","$3,615.22 ","three-way match complete; cost center 106"
"INV-930410","Vtx Logistics","Software ","2024-08-02 "," On Hold "," $3,637.17 "," price variance escalated; cost center 117"
"INV-974266"," Vtx Logistics "," Cloud ","2024-04-30"," Approved"," $7,000.00 "," vendor submitted via portal; cost center 107 "
"INV-227775"," Zenith Components"," Hardware "," 2024-06-26"," Pending "," USD 9,847.76 ","vendor submitted via portal; cost center 116"
"INV-435792","Lumen Analytics","Software","2024-03-15"," On Hold ","USD 5, 572.74","pending shipping confirmation; cost center 101"
"INV-151777","Zenith Component","Logistics "," 2024-07-24 "," Approved ","USD 8, 108.72 "," requires VAT documentation; cost center 111 "
"INV-151777","Zenith Component "," Logistics","2024-07-24 "," Approved"," USD 8, 108.72 "," duplicate submit; consolidate in close process"
"INV-427673","NovaPack"," Software"," 2024-02-16 ","Approved","$2,084.15 ","price variance escalated; cost center 100"
"INV-395410"," Vertex Log. ","Cloud"," 2024-01-13 ","Pending","$2,678.29 "," vendor submitted via portal; cost center 118 "
"INV-600881","Astra-Supplies "," Professional Services ","2024-05-14 ","Rejected"," $8,231.74 "," price variance escalated; cost center 109 "
"INV-915477"," Nova Packaging "," Facility ","2024-03-04","Approved"," USD 2, 347.87 ","vendor submitted via portal; cost center 116"
"INV-599986"," HELIOS ROBOTICS ","Facility "," 2024-08-28 ","Approved ","USD 9, 691.10","vendor submitted via portal; cost center 115 "
"INV-950515"," Nova Packg. "," Facility "," 2024-03-10 ","Approved ","$7,641.26 ","pending shipping confirmation; cost center 106"
"INV-708786","HELIOS ROBOTICS ","Facility "," 2024-02-10 ","Approved ","$812.09","match to PO required; cost center 119"
"INV-211358","Nova-Packaging ","Professional Services"," 2024-04-15 ","Pending ","$9,248.01 ","vendor submitted via portal; cost center 105 "
"INV-726742","Helios Robotix"," Facility"," 2024-09-04","Approved","USD 990.09"," price variance escalated; cost center 102"
"INV-836440","Vtx Logistics","Facility ","2024-08-10 ","Pending","$6,739.02","match to PO required; cost center 113 "
"INV-285305"," Lumen Analytics"," Software "," 2024-07-31"," Approved "," USD 6,705.80 "," vendor submitted via portal; cost center 100"
"INV-116146"," Lumen Analytics ","Professional Services","2024-02-29 "," Approved","$8,443.99 "," requires VAT documentation; cost center 114"
"INV-642528"," Nova Packg."," Logistics ","2024-01-08"," Pending"," USD 6,493.27 "," pending shipping confirmation; cost center 101"
"INV-883977"," Nova-Packaging"," Facility ","2024-08-14 ","Approved "," $4,576.34"," price variance escalated; cost center 118"
"INV-262483"," Astra Spp ","Cloud ","2024-06-01 ","Approved "," $1,782.33 ","requires VAT documentation; cost center 116"
"INV-571965"," Astra-Supplies"," Facility "," 2024-01-03 "," Approved"," $1,070.38 "," match to PO required; cost center 108 "
"INV-782181","Zenith-Components","Logistics"," 2024-04-29 ","Approved ","$6,354.02"," requires VAT documentation; cost center 107"
"INV-160872","VertexLogistics ","Hardware"," 2024-04-21","Approved "," USD 1, 988.34"," price variance escalated; cost center 118"
"INV-947478","Lumen Analytix "," Logistics "," 2024-05-06"," Rejected ","$7,583.83"," pending shipping confirmation; cost center 108"
"INV-142447"," Lumen Analytics ","Hardware ","2024-06-23 "," Rejected","$3,167.36","requires VAT documentation; cost center 102 "
"INV-762741","Nova-Packaging ","Professional Services"," 2024-07-17","Approved ","$2,396.01 ","requires VAT documentation; cost center 105"
"INV-402634","Nova Packaging ","Professional Services","2024-09-26","Approved"," $7,742.30 "," requires VAT documentation; cost center 107"
"INV-498704"," Vertex Logistics"," Cloud"," 2024-04-08"," Approved"," USD 6, 209.90 "," price variance escalated; cost center 117"
"INV-124852","ZenithComponents ","Logistics","2024-08-29"," Approved "," $7,582.49 "," requires VAT documentation; cost center 100"